image_id,image_path,true_label,source_context,source_page_url,direct_download_url,license,creator,attribution,accessed_at,location_evidence,scene_type,difficulty,sha256,review_status,notes
wwm_0001,data/web_waste_mini/cardboard/wwm_0001.jpg,cardboard,global_public,https://commons.wikimedia.org/wiki/File:20240720_111407_Stack_of_produce_boxes.jpg,https://commons.wikimedia.org/w/thumb.php?f=20240720%20111407%20Stack%20of%20produce%20boxes.jpg&width=1600,CC BY-SA 4.0,Gayest Frogs,Gayest Frogs (CC BY-SA 4.0) via Wikimedia Commons,2026-10-04,no location evidence in source metadata,crowded,normal,f0c7e21f1c9e6a07868d9cecbf627e3263d4160d08a956dcb620a3a40f944fce,accepted,
wwm_0002,data/web_waste_mini/cardboard/wwm_0002.jpg,cardboard,global_public,https://commons.wikimedia.org/wiki/File:20080825_stadion_dziesieciolecia_IMG_3719.jpg,https://commons.wikimedia.org/w/thumb.php?f=20080825%20stadion%20dziesieciolecia%20IMG%203719.jpg&width=1600,Public domain,"Piotr VaGla Waglowski, http://www.vagla.pl","Piotr VaGla Waglowski, http://www.vagla.pl (Public domain) via Wikimedia Commons",2026-10-04,no location evidence in source metadata,crowded,normal,8ecaac8a26f3de1eaca9a820cceb0f6ebed3e87450c8f5c231cf33c32da86d76,accepted,
wwm_0003,data/web_waste_mini/cardboard/wwm_0003.jpg,cardboard,global_public,"https://commons.wikimedia.org/wiki/File:57_Cardboard_stacked_for_recycling_pick_up_in_Kuala_Lumpur,_Malaysia_-_free_photo_with_attribution_(Creative_Commons).jpg",https://commons.wikimedia.org/w/thumb.php?f=57%20Cardboard%20stacked%20for%20recycling%20pick%20up%20in%20Kuala%20Lumpur%2C%20Malaysia%20-%20free%20photo%20with%20attribution%20%28Creative%20Commons%29.jpg&width=1600,CC BY 3.0,Marek Ślusarczyk ( Tupungato ) Photo portfolio,Marek Ślusarczyk ( Tupungato ) Photo portfolio (CC BY 3.0) via Wikimedia Commons,2026-10-04,no location evidence in source metadata,single,normal,f23bf16535a95caf5626a71f1c77349b18fe6fcb38b2aa4ac0012d9ffd15f640,accepted,
wwm_0004,data/web_waste_mini/cardboard/wwm_0004.jpg,cardboard,global_public,https://commons.wikimedia.org/wiki/File:Cardboard_All_Flutes.jpg,https://commons.wikimedia.org/w/thumb.php?f=Cardboard%20All%20Flutes.jpg&width=1600,CC BY-SA 3.0,Hohum,Hohum (CC BY-SA 3.0) via Wikimedia Commons,2026-10-04,no location evidence in source metadata,single,normal,ac18e51cbe0400918600995877eda1800f6cb40f241c4ab88070f73cd9a14e27,accepted,
wwm_0005,data/web_waste_mini/cardboard/wwm_0005.jpg,cardboard,global_public,"https://commons.wikimedia.org/wiki/File:57_Cardboard_waste_pile_for_recycling_collection_in_Kuala_Lumpur,_Malaysia_-_Creative_Commons_Attribution.jpg",https://commons.wikimedia.org/w/thumb.php?f=57%20Cardboard%20waste%20pile%20for%20recycling%20collection%20in%20Kuala%20Lumpur%2C%20Malaysia%20-%20Creative%20Commons%20Attribution.jpg&width=1600,CC BY 3.0,Marek Ślusarczyk ( Tupungato ) Photo portfolio,Marek Ślusarczyk ( Tupungato ) Photo portfolio (CC BY 3.0) via Wikimedia Commons,2026-10-04,no location evidence in source metadata,single,normal,1cdd99d7121824237da3d9f2441f20c1734d3d7e9052658863fb1cc27756be30,accepted,
wwm_0006,data/web_waste_mini/cardboard/wwm_0006.jpg,cardboard,global_public,https://commons.wikimedia.org/wiki/File:Cardboard_boxes_by_Henry_Söderlund.jpg,https://commons.wikimedia.org/w/thumb.php?f=Cardboard%20boxes%20by%20Henry%20S%C3%B6derlund.jpg&width=1600,CC BY 2.0,Henry Söderlund,Henry Söderlund (CC BY 2.0) via Wikimedia Commons,2026-10-04,no location evidence in source metadata,single,normal,b61f0c3e4dbc1d15c5c8ea9bea71d82328fd5f290ffdf57223a69049004aabf1,accepted,
wwm_0007,data/web_waste_mini/cardboard/wwm_0007.jpg,cardboard,global_public,https://commons.wikimedia.org/wiki/File:98017_recycled_cardboard_PikiWiki_Israel.jpg,https://commons.wikimedia.org/w/thumb.php?f=98017%20recycled%20cardboard%20PikiWiki%20Israel.jpg&width=1600,CC BY 2.5,aharon mizrahi,aharon mizrahi (CC BY 2.5) via Wikimedia Commons,2026-10-04,no location evidence in source metadata,crowded,normal,5aa9691ccdca0d7183a08110187c706fb1b9ef128a827075efd62b03544d2fb4,accepted,manual review: small shipping label present but illegible at full resolution
wwm_0008,data/web_waste_mini/cardboard/wwm_0008.jpg,cardboard,global_public,https://commons.wikimedia.org/wiki/File:Cardboard_Boxes_and_their_History.jpg,https://commons.wikimedia.org/w/thumb.php?f=Cardboard%20Boxes%20and%20their%20History.jpg&width=1600,CC BY 2.0,Creativity103,Creativity103 (CC BY 2.0) via Wikimedia Commons,2026-10-04,no location evidence in source metadata,single,normal,84b28425b753dd9b4a6de84ff6b07e18bdd4c25976cd8d28ce9a2d0ab6f12c6d,accepted,
wwm_0009,data/web_waste_mini/cardboard/wwm_0009.jpg,cardboard,global_public,"https://commons.wikimedia.org/wiki/File:Archival_carton,_01.jpg",https://commons.wikimedia.org/w/thumb.php?f=Archival%20carton%2C%2001.jpg&width=1600,CC BY-SA 4.0,Daniel Baránek,Daniel Baránek (CC BY-SA 4.0) via Wikimedia Commons,2026-10-04,no location evidence in source metadata,single,normal,5d0b926699054ac08770184603b4fe8aeed148b955eeed0e5b550d97200c4980,accepted,
wwm_0010,data/web_waste_mini/cardboard/wwm_0010.jpg,cardboard,global_public,https://commons.wikimedia.org/wiki/File:Cardboard_Main_Flutes.jpg,https://commons.wikimedia.org/w/thumb.php?f=Cardboard%20Main%20Flutes.jpg&width=1316,CC BY-SA 3.0,Chris 73,Chris 73 (CC BY-SA 3.0) via Wikimedia Commons,2026-10-04,no location evidence in source metadata,single,normal,bc1f8bdaa77e85efd4fd1ad6a0b0b5e302dcb5dfe1b6348fa6c407d7a4f3381e,accepted,
wwm_0011,data/web_waste_mini/cardboard/wwm_0011.jpg,cardboard,global_public,"https://commons.wikimedia.org/wiki/File:Cardboard_waste_collection_at_Piattaforma_Ecologica_-_Legnano_(MI),_Lombardy,_Italy_-_2021-02-26.jpg",https://commons.wikimedia.org/w/thumb.php?f=Cardboard%20waste%20collection%20at%20Piattaforma%20Ecologica%20-%20Legnano%20%28MI%29%2C%20Lombardy%2C%20Italy%20-%202021-02-26.jpg&width=1600,CC BY-SA 4.0,Mænsard vokser,Mænsard vokser (CC BY-SA 4.0) via Wikimedia Commons,2026-10-04,no location evidence in source metadata,crowded,normal,43c43bce5a6aa23e6182ef4cb89bd95d878634910b12460af350c8dd7fd1eea8,accepted,
wwm_0012,data/web_waste_mini/cardboard/wwm_0012.jpg,cardboard,global_public,https://commons.wikimedia.org/wiki/File:Cardboard_in_Trashbin.jpg,https://commons.wikimedia.org/w/thumb.php?f=Cardboard%20in%20Trashbin.jpg&width=1520,CC BY-SA 4.0,RockyJennifer,RockyJennifer (CC BY-SA 4.0) via Wikimedia Commons,2026-10-04,no location evidence in source metadata,single,normal,834825e47128d84c310fc107190e7538a74ab52dfdffc8d42074784dd8acf777,accepted,
wwm_0013,data/web_waste_mini/cardboard/wwm_0013.jpg,cardboard,global_public,https://commons.wikimedia.org/wiki/File:EFTA00001483_-_Cluttered_storage_room_with_cardboard_boxes_rolls_of_material_a_monitor_on_the_floor_and_a_backpack_near_a_white_cabinet.jpg,https://commons.wikimedia.org/w/thumb.php?f=EFTA00001483%20-%20Cluttered%20storage%20room%20with%20cardboard%20boxes%20rolls%20of%20material%20a%20monitor%20on%20the%20floor%20and%20a%20backpack%20near%20a%20white%20cabinet.jpg&width=1152,Public domain,Federal Bureau of Investigation,Federal Bureau of Investigation (Public domain) via Wikimedia Commons,2026-10-04,no location evidence in source metadata,crowded,normal,b9ff45f2b74a34da77587c4050850ba60d2415069239e8f958084c57a0f0d934,accepted,
wwm_0014,data/web_waste_mini/cardboard/wwm_0014.jpg,cardboard,global_public,https://commons.wikimedia.org/wiki/File:DSC_9549_A_cluttered_warehouse_aisle_filled_with_stacked_boxes_piles_of_cardboard_and_various_tools_and_supplies_stretching_into_the_dim_interior.jpg,https://commons.wikimedia.org/w/thumb.php?f=DSC%209549%20A%20cluttered%20warehouse%20aisle%20filled%20with%20stacked%20boxes%20piles%20of%20cardboard%20and%20various%20tools%20and%20supplies%20stretching%20into%20the%20dim%20interior.jpg&width=1600,CC BY-SA 4.0,PattayaPatrol,PattayaPatrol (CC BY-SA 4.0) via Wikimedia Commons,2026-10-04,no location evidence in source metadata,crowded,normal,74179403c03324d9fa991df54aebc9ac5b9549fb6e77f0d18c73a78c186df96c,accepted,
wwm_0015,data/web_waste_mini/cardboard/wwm_0015.jpg,cardboard,global_public,https://commons.wikimedia.org/wiki/File:Flipper_Zero_Video_Game_Module_Raspberry_Pi_cardboard_box.jpg,https://commons.wikimedia.org/w/thumb.php?f=Flipper%20Zero%20Video%20Game%20Module%20Raspberry%20Pi%20cardboard%20box.jpg&width=1600,CC BY-SA 4.0,Siarhei V,Siarhei V (CC BY-SA 4.0) via Wikimedia Commons,2026-10-04,no location evidence in source metadata,single,normal,acbc94d411205d4b99c09ed97fa331649efe365d0d276ddd47d8a8349f3811bd,accepted,
wwm_0016,data/web_waste_mini/cardboard/wwm_0016.jpg,cardboard,global_public,https://commons.wikimedia.org/wiki/File:EFTA00002329_-_Cluttered_storage_room_with_shelves_packed_with_cardboard_boxes_cleaning_supplies_and_various_equipment_including_green_hoses_and_a_Turtle_Car_Wash_box.jpg,https://commons.wikimedia.org/w/thumb.php?f=EFTA00002329%20-%20Cluttered%20storage%20room%20with%20shelves%20packed%20with%20cardboard%20boxes%20cleaning%20supplies%20and%20various%20equipment%20including%20green%20hoses%20and%20a%20Turtle%20Car%20Wash%20box.jpg&width=768,Public domain,Federal Bureau of Investigation,Federal Bureau of Investigation (Public domain) via Wikimedia Commons,2026-10-04,no location evidence in source metadata,crowded,normal,602e98bb130b69508db48d6bf653416f6827e0e2457547f348eec56f45da4a99,accepted,
wwm_0017,data/web_waste_mini/cardboard/wwm_0017.jpg,cardboard,global_public,https://commons.wikimedia.org/wiki/File:Flipper_Zero_retail_cardboard_packaging_box_top_view.jpg,https://commons.wikimedia.org/w/thumb.php?f=Flipper%20Zero%20retail%20cardboard%20packaging%20box%20top%20view.jpg&width=1600,CC BY-SA 4.0,Siarhei V,Siarhei V (CC BY-SA 4.0) via Wikimedia Commons,2026-10-04,no location evidence in source metadata,single,normal,cc09dd77ddaf53dfa677fcee2822e18107ece3112b4cd991b126bd36eaa3a012,accepted,
wwm_0018,data/web_waste_mini/cardboard/wwm_0018.jpg,cardboard,global_public,https://commons.wikimedia.org/wiki/File:EFTA00001332_-_Cluttered_basement_filled_with_stacked_cardboard_boxes_pipes_and_HVAC_equipment_under_dim_lighting.jpg,https://commons.wikimedia.org/w/thumb.php?f=EFTA00001332%20-%20Cluttered%20basement%20filled%20with%20stacked%20cardboard%20boxes%20pipes%20and%20HVAC%20equipment%20under%20dim%20lighting.jpg&width=1152,Public domain,Federal Bureau of Investigation,Federal Bureau of Investigation (Public domain) via Wikimedia Commons,2026-10-04,no location evidence in source metadata,crowded,normal,bac97ec20ccf2fab45596c331d7958181d5290bfdc3e6118a523f3b453cb7fd4,accepted,manual review: stacked cardboard boxes in storage; small shipping labels illegible
wwm_0019,data/web_waste_mini/cardboard/wwm_0019.jpg,cardboard,global_public,https://commons.wikimedia.org/wiki/File:Stacks_of_cardboard_await_recycling_at_the_Naval_Education_and_Training_Center_-_DPLA_-_bda4a4404d44432e1bb8da37c350448a.jpeg,https://commons.wikimedia.org/w/thumb.php?f=Stacks%20of%20cardboard%20await%20recycling%20at%20the%20Naval%20Education%20and%20Training%20Center%20-%20DPLA%20-%20bda4a4404d44432e1bb8da37c350448a.jpeg&width=1600,Public domain,Department of Defense. American Forces Information Service. Defense Visual Information Center. 1994,Department of Defense. American Forces Information Service. Defense Visual Information Center. 1994 (Public domain) via Wikimedia Commons,2026-10-04,no location evidence in source metadata,crowded,normal,9b5556deb0cd77dab9d9bcf057902072af102bc936cd4990e67d99ec6a3f745f,accepted,
wwm_0020,data/web_waste_mini/cardboard/wwm_0020.jpg,cardboard,global_public,https://commons.wikimedia.org/wiki/File:EFTA00003112-Maintenance-Area-Office_-_Cluttered_gray_storage_cabinet_filled_with_boxes_tools_and_equipment_topped_with_a_cardboard_box.jpg,https://commons.wikimedia.org/w/thumb.php?f=EFTA00003112-Maintenance-Area-Office%20-%20Cluttered%20gray%20storage%20cabinet%20filled%20with%20boxes%20tools%20and%20equipment%20topped%20with%20a%20cardboard%20box.jpg&width=768,Public domain,Federal Bureau of Investigation,Federal Bureau of Investigation (Public domain) via Wikimedia Commons,2026-10-04,no location evidence in source metadata,crowded,normal,61630a1329b389bef1979bcf2e0fbbe48131d29295dbc1daca3b538e54cf52bf,accepted,
wwm_0021,data/web_waste_mini/cardboard/wwm_0021.jpg,cardboard,global_public,https://commons.wikimedia.org/wiki/File:Jeju_paper_recycling_bin.jpg,https://commons.wikimedia.org/w/thumb.php?f=Jeju%20paper%20recycling%20bin.jpg&width=1600,CC BY-SA 4.0,Sgroey,Sgroey (CC BY-SA 4.0) via Wikimedia Commons,2026-10-04,no location evidence in source metadata,crowded,normal,647a16296e0f69e31bfaa48de49e51d8cc6db8a87cee9bf1eed5ab235190aba3,accepted,"manual review: paper collection cage with cardboard boxes; Korean signage, no legible phone at full resolution; relabeled cardboard"
wwm_0022,data/web_waste_mini/glass/wwm_0022.jpg,glass,global_public,https://commons.wikimedia.org/wiki/File:202506_瓷器沙拉碗混入要資源回收的玻璃容器堆.jpg,https://commons.wikimedia.org/w/thumb.php?f=202506%20%E7%93%B7%E5%99%A8%E6%B2%99%E6%8B%89%E7%A2%97%E6%B7%B7%E5%85%A5%E8%A6%81%E8%B3%87%E6%BA%90%E5%9B%9E%E6%94%B6%E7%9A%84%E7%8E%BB%E7%92%83%E5%AE%B9%E5%99%A8%E5%A0%86.jpg&width=1600,CC BY-SA 4.0,Junyu-K,Junyu-K (CC BY-SA 4.0) via Wikimedia Commons,2026-10-04,no location evidence in source metadata,crowded,normal,b34363d0477324c2ae9cfeccdd073081ad27285421c3d2f54426d37ab0407f6c,accepted,
wwm_0023,data/web_waste_mini/glass/wwm_0023.jpg,glass,global_public,https://commons.wikimedia.org/wiki/File:Abbotts_Glass_Milk_Bottles_1920s-1960s.jpg,https://commons.wikimedia.org/w/thumb.php?f=Abbotts%20Glass%20Milk%20Bottles%201920s-1960s.jpg&width=1600,CC BY-SA 4.0,Bruce C. Cooper (image),Bruce C. Cooper (image) (CC BY-SA 4.0) via Wikimedia Commons,2026-10-04,no location evidence in source metadata,single,transparent_hard,d18a587d29c573b80f8fc5f5f083e65efab52b545c8487aaabc7c58c2360998f,accepted,
wwm_0024,data/web_waste_mini/glass/wwm_0024.jpg,glass,global_public,https://commons.wikimedia.org/wiki/File:Atlas_brand_mason_jar.jpg,https://commons.wikimedia.org/w/thumb.php?f=Atlas%20brand%20mason%20jar.jpg&width=1350,CC BY-SA 4.0,Eric Polk,Eric Polk (CC BY-SA 4.0) via Wikimedia Commons,2026-10-04,no location evidence in source metadata,single,transparent_hard,8f09ff0112709b16f9f277ceeb8e48bd39b85f010a656b78ab1788fd05f9eabd,accepted,
wwm_0025,data/web_waste_mini/glass/wwm_0025.jpg,glass,global_public,https://commons.wikimedia.org/wiki/File:Arabic_Coca-Cola_and_Fanta_glass_bottle.jpg,https://commons.wikimedia.org/w/thumb.php?f=Arabic%20Coca-Cola%20and%20Fanta%20glass%20bottle.jpg&width=1600,CC0,Bernard Ladenthin,Bernard Ladenthin (CC0) via Wikimedia Commons,2026-10-04,no location evidence in source metadata,single,normal,f11b3dbbbf04c2ffb6515dab0f9a78bd8b9328e6a9dfe084bd9f296355765ae0,accepted,
wwm_0026,data/web_waste_mini/glass/wwm_0026.jpg,glass,global_public,https://commons.wikimedia.org/wiki/File:CLOSEUP_OF_BEER_BOTTLES_CRUSHED_INTO_FINE_GLASS._THIS_MIXTURE_IS_FED_INTO_THE_GLASS_FURNACE_AND_NEW_BOTTLES_ARE_MADE..._-_NARA_-_543695.jpg,https://commons.wikimedia.org/w/thumb.php?f=CLOSEUP%20OF%20BEER%20BOTTLES%20CRUSHED%20INTO%20FINE%20GLASS.%20THIS%20MIXTURE%20IS%20FED%20INTO%20THE%20GLASS%20FURNACE%20AND%20NEW%20BOTTLES%20ARE%20MADE...%20-%20NARA%20-%20543695.jpg&width=1600,Public domain,Bill Gillette,Bill Gillette (Public domain) via Wikimedia Commons,2026-10-04,no location evidence in source metadata,single,normal,970c4542e187af1b52a36ce2dc4a5e8b71a803ca9dabe3305d3952e7cd9f2862,accepted,
wwm_0027,data/web_waste_mini/glass/wwm_0027.jpg,glass,global_public,https://commons.wikimedia.org/wiki/File:Atlas_brand_strong_shoulder_mason_jar_2.jpg,https://commons.wikimedia.org/w/thumb.php?f=Atlas%20brand%20strong%20shoulder%20mason%20jar%202.jpg&width=1350,CC BY-SA 4.0,Eric Polk,Eric Polk (CC BY-SA 4.0) via Wikimedia Commons,2026-10-04,no location evidence in source metadata,single,transparent_hard,2ab34166771b837ad842bd64d9053f0b8f556e5888db529359b661ba03730bf6,accepted,
wwm_0028,data/web_waste_mini/glass/wwm_0028.jpg,glass,global_public,https://commons.wikimedia.org/wiki/File:Clear_empty_glass_bottle.jpg,https://commons.wikimedia.org/w/thumb.php?f=Clear%20empty%20glass%20bottle.jpg&width=1600,CC BY-SA 4.0,Santeri Viinamäki,Santeri Viinamäki (CC BY-SA 4.0) via Wikimedia Commons,2026-10-04,no location evidence in source metadata,single,transparent_hard,f85d8b7095c9800f285d95390343ee2a36b00bb0974b7f9d152807935f2f4b64,accepted,
wwm_0029,data/web_waste_mini/glass/wwm_0029.jpg,glass,global_public,https://commons.wikimedia.org/wiki/File:Gasoline_in_mason_jar.jpg,https://commons.wikimedia.org/w/thumb.php?f=Gasoline%20in%20mason%20jar.jpg&width=1536,Public domain,Burger,Burger (Public domain) via Wikimedia Commons,2026-10-04,no location evidence in source metadata,single,normal,a2937430f7e2b667115a46221cc8501e6377250daab9acdb046e3c5ec6f60281,accepted,
wwm_0030,data/web_waste_mini/glass/wwm_0030.jpg,glass,global_public,https://commons.wikimedia.org/wiki/File:Coke_bottles_(336197108).jpg,https://commons.wikimedia.org/w/thumb.php?f=Coke%20bottles%20%28336197108%29.jpg&width=1600,CC BY-SA 2.0,"Toshiyuki IMAI from Kyoto, Japan","Toshiyuki IMAI from Kyoto, Japan (CC BY-SA 2.0) via Wikimedia Commons",2026-10-04,no location evidence in source metadata,single,normal,401ca4f45a18be2c698a81faf18b4e87d209004a6144b620ac0f0625fdff1fcd,accepted,
wwm_0031,data/web_waste_mini/glass/wwm_0031.jpg,glass,global_public,https://commons.wikimedia.org/wiki/File:Crates_of_empty_Club_Mate_bottles_at_31c3.jpg,https://commons.wikimedia.org/w/thumb.php?f=Crates%20of%20empty%20Club%20Mate%20bottles%20at%2031c3.jpg&width=1600,CC0,JkoLd19d,JkoLd19d (CC0) via Wikimedia Commons,2026-10-04,no location evidence in source metadata,crowded,normal,28b5b320d61700087e9c83342301139b3036fa73f8182ed65e56db64766a9cc9,accepted,
wwm_0032,data/web_waste_mini/glass/wwm_0032.jpg,glass,global_public,"https://commons.wikimedia.org/wiki/File:Glass_jars,_Novosibirsk_01.jpg",https://commons.wikimedia.org/w/thumb.php?f=Glass%20jars%2C%20Novosibirsk%2001.jpg&width=1600,CC BY-SA 4.0,К.Артём.1,К.Артём.1 (CC BY-SA 4.0) via Wikimedia Commons,2026-10-04,no location evidence in source metadata,crowded,transparent_hard,2ccc715c009663089eb253519fa0bf103d101c3c5dea9697a64db851a8d1c3aa,accepted,
wwm_0033,data/web_waste_mini/glass/wwm_0033.jpg,glass,global_public,https://commons.wikimedia.org/wiki/File:Dornbirn-Glass_bottles-01ASD.jpg,https://commons.wikimedia.org/w/thumb.php?f=Dornbirn-Glass%20bottles-01ASD.jpg&width=1600,CC BY-SA 4.0,Asurnipal,Asurnipal (CC BY-SA 4.0) via Wikimedia Commons,2026-10-04,no location evidence in source metadata,single,transparent_hard,e953482f6f46e837fcc47e323af4edca009828c71c691683b79bf14cdc08b87c,accepted,
wwm_0034,data/web_waste_mini/glass/wwm_0034.jpg,glass,global_public,https://commons.wikimedia.org/wiki/File:Berlin_Turiner_Straße_lub_2026-02-07_img03_glass_container.jpg,https://commons.wikimedia.org/w/thumb.php?f=Berlin%20Turiner%20Stra%C3%9Fe%20lub%202026-02-07%20img03%20glass%20container.jpg&width=1600,CC BY 4.0,Lukas Beck,Lukas Beck (CC BY 4.0) via Wikimedia Commons,2026-10-04,no location evidence in source metadata,crowded,normal,216eed04ca6f9dadc5b8e03cb2504809f5d02b7254f7fb0684aa370c1f816775,accepted,
wwm_0035,data/web_waste_mini/glass/wwm_0035.jpg,glass,global_public,"https://commons.wikimedia.org/wiki/File:Glass_bottles_next_to_glass_recycling_containers,_Hillegersberg,_Rotterdam_(2021)_01.jpg",https://commons.wikimedia.org/w/thumb.php?f=Glass%20bottles%20next%20to%20glass%20recycling%20containers%2C%20Hillegersberg%2C%20Rotterdam%20%282021%29%2001.jpg&width=1600,CC BY-SA 4.0,Donald Trung Quoc Don (Chữ Hán: 徵國單) - Wikimedia Commons - © CC BY-SA 4.0 International . ( Want to use this image? ) Original publication 📤: -- Donald Trung 『徵國單』 ( No Fake News 💬 ) ( WikiProject Num,Donald Trung Quoc Don (Chữ Hán: 徵國單) - Wikimedia Commons - © CC BY-SA 4.0 International . ( Want to use this image? ) Original publication 📤: -- Donald Trung 『徵國單』 ( No Fake News 💬 ) ( WikiProject Num (CC BY-SA 4.0) via Wikimedia Commons,2026-10-04,no location evidence in source metadata,crowded,normal,3fc4b29a4c7f129610c3896504d94b39f6904d2a4fe29f812149a634f0826e4d,accepted,manual review: waste glass bottles around recycling containers; distant pedestrian unrecognizable
wwm_0036,data/web_waste_mini/glass/wwm_0036.jpg,glass,global_public,https://commons.wikimedia.org/wiki/File:Glas_aus_Aufbereitungsanlage_blau_-_glass_cullet_blue_(Alter_Fritz).JPG,https://commons.wikimedia.org/w/thumb.php?f=Glas%20aus%20Aufbereitungsanlage%20blau%20-%20glass%20cullet%20blue%20%28Alter%20Fritz%29.JPG&width=1600,CC BY-SA 3.0,Alter Fritz,Alter Fritz (CC BY-SA 3.0) via Wikimedia Commons,2026-10-04,no location evidence in source metadata,single,normal,cf3ea138b3c225ab3966e895f79948e9426a44a4b2acb7eaafc096b3c2464740,accepted,round-5 review: blue glass cullet pieces
wwm_0037,data/web_waste_mini/glass/wwm_0037.jpg,glass,global_public,https://commons.wikimedia.org/wiki/File:BEER_BOTTLES_READY_TO_BE_FED_INTO_CRUSHER._PART_OF_A_NEW_AND_MORE_EFFECTIVE_GLASS_RECYCLING_PROCESS._COORS_BREWERY..._-_NARA_-_543698.jpg,https://commons.wikimedia.org/w/thumb.php?f=BEER%20BOTTLES%20READY%20TO%20BE%20FED%20INTO%20CRUSHER.%20PART%20OF%20A%20NEW%20AND%20MORE%20EFFECTIVE%20GLASS%20RECYCLING%20PROCESS.%20COORS%20BREWERY...%20-%20NARA%20-%20543698.jpg&width=1600,Public domain,Bill Gillette,Bill Gillette (Public domain) via Wikimedia Commons,2026-10-04,no location evidence in source metadata,crowded,normal,f04d8b46fbb30435e135a5707c669b3bf31927852aa87bb87bb1ba7c4bd976f4,accepted,"round-6 review: beer bottles being fed into glass crusher, archival"
wwm_0038,data/web_waste_mini/glass/wwm_0038.jpg,glass,global_public,https://commons.wikimedia.org/wiki/File:Coca_Cola_Bottles_(7088682579).jpg,https://commons.wikimedia.org/w/thumb.php?f=Coca%20Cola%20Bottles%20%287088682579%29.jpg&width=1600,CC BY 2.0,"Alex Proimos from Sydney, Australia","Alex Proimos from Sydney, Australia (CC BY 2.0) via Wikimedia Commons",2026-10-04,no location evidence in source metadata,crowded,normal,90be00f1735f3f8b3556fa23dce1a3d53b863096f80454bc98aaa0e07b2db7a6,accepted,round-6 review: crates of empty returnable glass bottles
wwm_0039,data/web_waste_mini/glass/wwm_0039.jpg,glass,global_public,https://commons.wikimedia.org/wiki/File:Crushed_glass_pieces_for_glass_bead_production.jpg,https://commons.wikimedia.org/w/thumb.php?f=Crushed%20glass%20pieces%20for%20glass%20bead%20production.jpg&width=1600,CC BY-SA 4.0,Warmglow,Warmglow (CC BY-SA 4.0) via Wikimedia Commons,2026-10-04,no location evidence in source metadata,single,transparent_hard,7795b8a23a6cd9156acc29360d96b9553e54c13a78b80a2c921ecff3d6487f1e,accepted,round-7 review: crushed clear glass in container
wwm_0040,data/web_waste_mini/glass/wwm_0040.jpg,glass,global_public,https://commons.wikimedia.org/wiki/File:Broken_glass_bottles_hazardous_waste_in_dispersed_quantities_ecotoxicological_question_02.JPG,https://commons.wikimedia.org/w/thumb.php?f=Broken%20glass%20bottles%20hazardous%20waste%20in%20dispersed%20quantities%20ecotoxicological%20question%2002.JPG&width=1600,CC BY-SA 4.0,Lamiot,Lamiot (CC BY-SA 4.0) via Wikimedia Commons,2026-10-04,no location evidence in source metadata,crowded,transparent_hard,b3c11da1e865e0ef27088520b7cfbe1176551e558a1bd3e1097214721368d589,accepted,"round-7 review: green glass fragments on asphalt (one of a four-shot series, others rejected as duplicate angles)"
wwm_0041,data/web_waste_mini/glass/wwm_0041.jpg,glass,global_public,https://commons.wikimedia.org/wiki/File:19_Waste_recycling_-_Laminated_car_glass_recycling_stockpile_in_Poland.jpg,https://commons.wikimedia.org/w/thumb.php?f=19%20Waste%20recycling%20-%20Laminated%20car%20glass%20recycling%20stockpile%20in%20Poland.jpg&width=1600,CC BY 3.0,Marek Ślusarczyk ( Tupungato ) Photo portfolio,Marek Ślusarczyk ( Tupungato ) Photo portfolio (CC BY 3.0) via Wikimedia Commons,2026-10-04,no location evidence in source metadata,crowded,normal,13e02c3000b850afcb103a4418665a534c129c036a90ea1f029f7fe9776897cc,accepted,manual review: crushed glass pile at recycling facility; no legible overlay; relabeled glass
wwm_0042,data/web_waste_mini/glass/wwm_0042.jpg,glass,global_public,https://commons.wikimedia.org/wiki/File:Collection_of_few_bottles.jpg,https://commons.wikimedia.org/w/thumb.php?f=Collection%20of%20few%20bottles.jpg&width=1600,CC BY 4.0,Dibyendutwipzbiswas,Dibyendutwipzbiswas (CC BY 4.0) via Wikimedia Commons,2026-10-04,no location evidence in source metadata,single,normal,8e5730d6354e20c16cb82c7bcdbe4a8fa11535db97b1246f73af28e786d0df9a,accepted,
wwm_0043,data/web_waste_mini/metal/wwm_0043.jpg,metal,egypt_public,https://commons.wikimedia.org/wiki/File:ورش_و_انشطة_و_محلات_بالدرب_الاحمر_04.jpg,https://commons.wikimedia.org/w/thumb.php?f=%D9%88%D8%B1%D8%B4%20%D9%88%20%D8%A7%D9%86%D8%B4%D8%B7%D8%A9%20%D9%88%20%D9%85%D8%AD%D9%84%D8%A7%D8%AA%20%D8%A8%D8%A7%D9%84%D8%AF%D8%B1%D8%A8%20%D8%A7%D9%84%D8%A7%D8%AD%D9%85%D8%B1%2004.jpg&width=1600,Public domain,Sherif Alyamany,Sherif Alyamany (Public domain) via Wikimedia Commons,2026-10-04,source categories contain 'Egypt',crowded,normal,f98bd31ba87f33c69a6b314fe432a764d1732382b7ebab09f4bc8866394791bf,accepted,
wwm_0044,data/web_waste_mini/metal/wwm_0044.jpg,metal,global_public,https://commons.wikimedia.org/wiki/File:202601_A_Coffee_beverage_can_with_French_marigolds_garden_of_orange.jpg,https://commons.wikimedia.org/w/thumb.php?f=202601%20A%20Coffee%20beverage%20can%20with%20French%20marigolds%20garden%20of%20orange.jpg&width=1600,CC BY-SA 4.0,Junyu-K,Junyu-K (CC BY-SA 4.0) via Wikimedia Commons,2026-10-04,no location evidence in source metadata,single,normal,d3129152610bdd6bb0a73234e2e974fac8c6acf152f9356f2d9cc2d61168ccd1,accepted,
wwm_0045,data/web_waste_mini/metal/wwm_0045.jpg,metal,global_public,https://commons.wikimedia.org/wiki/File:USMC-110114-M-2664B-059.jpg,https://commons.wikimedia.org/w/thumb.php?f=USMC-110114-M-2664B-059.jpg&width=1600,Public domain,Lance Cpl. Miranda Blackburn,Lance Cpl. Miranda Blackburn (Public domain) via Wikimedia Commons,2026-10-04,no location evidence in source metadata,crowded,normal,8d60c3bb95e053c2a795011ec2f3a05c3dce98cae36adb42823bbd2626385091,accepted,
wwm_0046,data/web_waste_mini/metal/wwm_0046.jpg,metal,global_public,https://commons.wikimedia.org/wiki/File:Beverage_cans.jpg,https://commons.wikimedia.org/w/thumb.php?f=Beverage%20cans.jpg&width=1600,CC BY-SA 4.0,Oto Zapletal,Oto Zapletal (CC BY-SA 4.0) via Wikimedia Commons,2026-10-04,no location evidence in source metadata,crowded,normal,f3b1390314b23e74fdf3e90aca1cefb66b9942677296fe81ab510e7d76eb5b45,accepted,
wwm_0047,data/web_waste_mini/metal/wwm_0047.jpg,metal,global_public,https://commons.wikimedia.org/wiki/File:Car_parts_and_scrap_metal_piled_inside_a_vehicle.jpg,https://commons.wikimedia.org/w/thumb.php?f=Car%20parts%20and%20scrap%20metal%20piled%20inside%20a%20vehicle.jpg&width=1600,CC BY 2.0,Shixart1985,Shixart1985 (CC BY 2.0) via Wikimedia Commons,2026-10-04,no location evidence in source metadata,crowded,normal,3882276d64a6d846f2293590a31bffbfdc0a09b95b084ad4494e344598287bb0,accepted,
wwm_0048,data/web_waste_mini/metal/wwm_0048.jpg,metal,global_public,https://commons.wikimedia.org/wiki/File:CanLevelsz.jpg,https://commons.wikimedia.org/w/thumb.php?f=CanLevelsz.jpg&width=1600,CC BY-SA 4.0,Monique Wolff,Monique Wolff (CC BY-SA 4.0) via Wikimedia Commons,2026-10-04,no location evidence in source metadata,single,normal,cfd38940d3345a4aacdea674cc029d394f49edbdd73e162b90917ea6804d750a,accepted,
wwm_0049,data/web_waste_mini/metal/wwm_0049.jpg,metal,global_public,"https://commons.wikimedia.org/wiki/File:Can_of_Diet_Sierra_Mist_lemon-lime_soda,_2011.jpg",https://commons.wikimedia.org/w/thumb.php?f=Can%20of%20Diet%20Sierra%20Mist%20lemon-lime%20soda%2C%202011.jpg&width=1343,CC0,DimiTalen,DimiTalen (CC0) via Wikimedia Commons,2026-10-04,no location evidence in source metadata,single,normal,799fa63bf8050129696a794edfe652185ed2b99a579788ac63ee8c5e00f2db5b,accepted,
wwm_0050,data/web_waste_mini/metal/wwm_0050.jpg,metal,global_public,https://commons.wikimedia.org/wiki/File:Metal_Junk_Pile.jpg,https://commons.wikimedia.org/w/thumb.php?f=Metal%20Junk%20Pile.jpg&width=1600,CC BY 2.0,Alan Levine,Alan Levine (CC BY 2.0) via Wikimedia Commons,2026-10-04,no location evidence in source metadata,crowded,normal,6480f182e8f0c2aacfae5c5c4c1dfd8c784e8de31629db7bdda1be2ffef35eb9,accepted,
wwm_0051,data/web_waste_mini/metal/wwm_0051.jpg,metal,global_public,https://commons.wikimedia.org/wiki/File:Cans..._(32952295076).jpg,https://commons.wikimedia.org/w/thumb.php?f=Cans...%20%2832952295076%29.jpg&width=1600,CC BY-SA 2.0,Scott Macpherson,Scott Macpherson (CC BY-SA 2.0) via Wikimedia Commons,2026-10-04,no location evidence in source metadata,crowded,normal,3925d43217b4cea49e9aecbb7a631356ae6380c9c5dce6fcab70d671622bc3cd,accepted,
wwm_0052,data/web_waste_mini/metal/wwm_0052.jpg,metal,global_public,"https://commons.wikimedia.org/wiki/File:OLD_RAILROAD_BOX_CARS,_AUTO_BODIES_AND_OTHER_JUNK_FOR_SCRAP_METAL_PILE_UP_AT_THE_AMERICAN_SHIP_DISMANTLING_DIVISION..._-_NARA_-_548110.jpg",https://commons.wikimedia.org/w/thumb.php?f=OLD%20RAILROAD%20BOX%20CARS%2C%20AUTO%20BODIES%20AND%20OTHER%20JUNK%20FOR%20SCRAP%20METAL%20PILE%20UP%20AT%20THE%20AMERICAN%20SHIP%20DISMANTLING%20DIVISION...%20-%20NARA%20-%20548110.jpg&width=1600,Public domain,David Falconer,David Falconer (Public domain) via Wikimedia Commons,2026-10-04,no location evidence in source metadata,crowded,normal,dd1a49a1be5fdd29ba4faacc8e2a23efbe81dab5f625e37310972555e7163698,accepted,
wwm_0053,data/web_waste_mini/metal/wwm_0053.jpg,metal,global_public,https://commons.wikimedia.org/wiki/File:Discarded_beverage_can_(29573613).jpg,https://commons.wikimedia.org/w/thumb.php?f=Discarded%20beverage%20can%20%2829573613%29.jpg&width=1600,CC BY 2.0,"Patrick Fitzgerald from Atlanta, GA, USA","Patrick Fitzgerald from Atlanta, GA, USA (CC BY 2.0) via Wikimedia Commons",2026-10-04,no location evidence in source metadata,single,normal,6e75d3cc242c6d8d9d45c3423238fc7bad2d9a4158454a6f43c754d163ec0fdb,accepted,
wwm_0054,data/web_waste_mini/metal/wwm_0054.jpg,metal,global_public,"https://commons.wikimedia.org/wiki/File:PILE_OF_SCRAP_METAL_COLLECTED_FOR_RECYCLING_BY_GIRL_SCOUTS_AT_ISLAMORADA,_IN_THE_CENTRAL_FLORIDA_KEYS_-_NARA_-_548753.jpg",https://commons.wikimedia.org/w/thumb.php?f=PILE%20OF%20SCRAP%20METAL%20COLLECTED%20FOR%20RECYCLING%20BY%20GIRL%20SCOUTS%20AT%20ISLAMORADA%2C%20IN%20THE%20CENTRAL%20FLORIDA%20KEYS%20-%20NARA%20-%20548753.jpg&width=1600,Public domain,Flip Schulke,Flip Schulke (Public domain) via Wikimedia Commons,2026-10-04,no location evidence in source metadata,crowded,normal,d56c669ec1185d425f5c2118ba2395927e3a40755bd70eeb79771658ec2fe927,accepted,
wwm_0055,data/web_waste_mini/metal/wwm_0055.jpg,metal,global_public,https://commons.wikimedia.org/wiki/File:Drinking_can_ring-pull_tab.jpg,https://commons.wikimedia.org/w/thumb.php?f=Drinking%20can%20ring-pull%20tab.jpg&width=800,CC BY 2.0,Marcos André,Marcos André (CC BY 2.0) via Wikimedia Commons,2026-10-04,no location evidence in source metadata,single,normal,239253d3dad1d4dc4837bbf5003e5128a20dedf2be1f2b3957de5b2088ce58a3,accepted,
wwm_0056,data/web_waste_mini/metal/wwm_0056.jpg,metal,global_public,"https://commons.wikimedia.org/wiki/File:Pile_of_metal_at_Northern_Metal_Recycling,_North_Minneapolis_(29432654762).jpg",https://commons.wikimedia.org/w/thumb.php?f=Pile%20of%20metal%20at%20Northern%20Metal%20Recycling%2C%20North%20Minneapolis%20%2829432654762%29.jpg&width=1600,CC BY-SA 2.0,"Tony Webster from Minneapolis, Minnesota","Tony Webster from Minneapolis, Minnesota (CC BY-SA 2.0) via Wikimedia Commons",2026-10-04,no location evidence in source metadata,crowded,normal,10e982f55128150e8c6c9e4c1c53ec38241d958a475185684521f57377ce4da2,accepted,
wwm_0057,data/web_waste_mini/metal/wwm_0057.jpg,metal,global_public,https://commons.wikimedia.org/wiki/File:Drinks-supermarket-cans-beverage_(24299872576).jpg,https://commons.wikimedia.org/w/thumb.php?f=Drinks-supermarket-cans-beverage%20%2824299872576%29.jpg&width=1600,CC0,www.Pixel.la Free Stock Photos,www.Pixel.la Free Stock Photos (CC0) via Wikimedia Commons,2026-10-04,no location evidence in source metadata,crowded,normal,e56aac8487410217f785a2c7f7a4084dcfbdb54c67d4b7fbafdbfeac0b254f1b,accepted,
wwm_0058,data/web_waste_mini/metal/wwm_0058.jpg,metal,global_public,https://commons.wikimedia.org/wiki/File:Pile_of_scrap_cars_(2143225359).jpg,https://commons.wikimedia.org/w/thumb.php?f=Pile%20of%20scrap%20cars%20%282143225359%29.jpg&width=1600,CC BY 2.0,Carolyn Williams,Carolyn Williams (CC BY 2.0) via Wikimedia Commons,2026-10-04,no location evidence in source metadata,crowded,normal,de1fb3bae96b86eb64022cfd61714221f759edb6cb7b5766ea98cb65516cd28a,accepted,round-5 review: crushed car scrap pile
wwm_0059,data/web_waste_mini/metal/wwm_0059.jpg,metal,global_public,https://commons.wikimedia.org/wiki/File:Scrap_metal_pile_at_Eastside_Rail_Corridor_Trail_construction.jpg,https://commons.wikimedia.org/w/thumb.php?f=Scrap%20metal%20pile%20at%20Eastside%20Rail%20Corridor%20Trail%20construction.jpg&width=1600,CC BY 2.0,Gene Bisbee,Gene Bisbee (CC BY 2.0) via Wikimedia Commons,2026-10-04,no location evidence in source metadata,crowded,normal,99c5b2d8194542c35f8c3697a3c20b7f08005061dae23ac2b0f93175a554b9b4,accepted,round-5 review: rail track hardware scrap pile
wwm_0060,data/web_waste_mini/metal/wwm_0060.jpg,metal,global_public,https://commons.wikimedia.org/wiki/File:Dublin_Gulch_can_pile.jpg,https://commons.wikimedia.org/w/thumb.php?f=Dublin%20Gulch%20can%20pile.jpg&width=1600,CC BY-SA 4.0,Eric Polk,Eric Polk (CC BY-SA 4.0) via Wikimedia Commons,2026-10-04,no location evidence in source metadata,crowded,normal,e94973ed8ea00622918a1e88d5b8f5f71580409e75885bd719f4f5f9748a054a,accepted,"round-5 review: historic tin can dump pile, Dublin Gulch"
wwm_0061,data/web_waste_mini/metal/wwm_0061.jpg,metal,global_public,https://commons.wikimedia.org/wiki/File:Scrap_metal_pile_at_the_Da_Nang_Property_Disposal_Operation.jpg,https://commons.wikimedia.org/w/thumb.php?f=Scrap%20metal%20pile%20at%20the%20Da%20Nang%20Property%20Disposal%20Operation.jpg&width=1421,Public domain,PFC George B. Gibbons,PFC George B. Gibbons (Public domain) via Wikimedia Commons,2026-10-04,no location evidence in source metadata,crowded,normal,ee8a0c73abb4ca276f5c464498918448152dc6f39c3eaa2e1d5c0c55ff7064f9,accepted,"round-5 review: aerial scrap metal disposal dump, Da Nang"
wwm_0062,data/web_waste_mini/metal/wwm_0062.jpg,metal,global_public,https://commons.wikimedia.org/wiki/File:Scrap_pile_(26272152760).jpg,https://commons.wikimedia.org/w/thumb.php?f=Scrap%20pile%20%2826272152760%29.jpg&width=1600,CC BY 2.0,"Sheila Sund from Salem, United States","Sheila Sund from Salem, United States (CC BY 2.0) via Wikimedia Commons",2026-10-04,no location evidence in source metadata,crowded,normal,061c29be76eca1c860e5578d4046b00e67ea90087e44ab9c13a23f96f9f6526c,accepted,round-5 review: rusty iron scrap pile
wwm_0063,data/web_waste_mini/metal/wwm_0063.jpg,metal,global_public,"https://commons.wikimedia.org/wiki/File:Commercial_waste_bins_rubbish_Lordship_Lane_Tottenham,_London,_England_3.jpg",https://commons.wikimedia.org/w/thumb.php?f=Commercial%20waste%20bins%20rubbish%20Lordship%20Lane%20Tottenham%2C%20London%2C%20England%203.jpg&width=1600,CC BY-SA 4.0,Acabashi,Acabashi (CC BY-SA 4.0) via Wikimedia Commons,2026-10-04,no location evidence in source metadata,crowded,normal,183f1c6a9f004bc46078e4bcc44a662362b9d709bbce6e5549146486b5801b0d,accepted,
wwm_0064,data/web_waste_mini/paper/wwm_0064.jpg,paper,global_public,https://commons.wikimedia.org/wiki/File:Free_Wrinkled_Lined_Blank_Notebook_Paper_High_Resolution_Creative_Commons_(8077064004).jpg,https://commons.wikimedia.org/w/thumb.php?f=Free%20Wrinkled%20Lined%20Blank%20Notebook%20Paper%20High%20Resolution%20Creative%20Commons%20%288077064004%29.jpg&width=1600,CC BY 2.0,"Pink Sherbet Photography from Utah, USA","Pink Sherbet Photography from Utah, USA (CC BY 2.0) via Wikimedia Commons",2026-10-04,no location evidence in source metadata,single,normal,744737746f25c1111c9c772828e281e3bfe73d3360e55669dced93368536f5d7,accepted,
wwm_0065,data/web_waste_mini/paper/wwm_0065.jpg,paper,global_public,https://commons.wikimedia.org/wiki/File:(Stack_of_Newspapers)_-_DPLA_-_0b25c96090a717cc43076ab977d3be51.jpg,https://commons.wikimedia.org/w/thumb.php?f=%28Stack%20of%20Newspapers%29%20-%20DPLA%20-%200b25c96090a717cc43076ab977d3be51.jpg&width=1500,CC BY 4.0,"Hicks, William","Hicks, William (CC BY 4.0) via Wikimedia Commons",2026-10-04,no location evidence in source metadata,crowded,normal,26950f9278a202cd6cdad5f8745bfc60ab7426bc20f5abe34643a8d9f16c6e0d,accepted,manual review: old newspaper stacks; printed photos tiny and unrecognizable
wwm_0066,data/web_waste_mini/paper/wwm_0066.jpg,paper,global_public,https://commons.wikimedia.org/wiki/File:ASC_Leiden_-_Library_-_South_African_newspaper_stack_of_Die_Burger_-_2012.jpg,https://commons.wikimedia.org/w/thumb.php?f=ASC%20Leiden%20-%20Library%20-%20South%20African%20newspaper%20stack%20of%20Die%20Burger%20-%202012.jpg&width=1600,CC BY-SA 4.0,African Studies Centre Leiden,African Studies Centre Leiden (CC BY-SA 4.0) via Wikimedia Commons,2026-10-04,no location evidence in source metadata,single,normal,6216f0a8904761de5881cdc77aad9399999a61fe54be95cce6c73d6db905e674,accepted,
wwm_0067,data/web_waste_mini/paper/wwm_0067.jpg,paper,global_public,https://commons.wikimedia.org/wiki/File:A_stack_of_newspapers.jpg,https://commons.wikimedia.org/w/thumb.php?f=A%20stack%20of%20newspapers.jpg&width=800,CC BY-SA 2.0,"Daniel R. Blume from Orange County, California, USA","Daniel R. Blume from Orange County, California, USA (CC BY-SA 2.0) via Wikimedia Commons",2026-10-04,no location evidence in source metadata,crowded,normal,a60961797840d50fa60a734af642611d747353fa7576e64d5d368821fe0ec89e,accepted,
wwm_0068,data/web_waste_mini/paper/wwm_0068.jpg,paper,global_public,https://commons.wikimedia.org/wiki/File:Paper_recycling_in_Ponte_a_Serraglio.JPG,https://commons.wikimedia.org/w/thumb.php?f=Paper%20recycling%20in%20Ponte%20a%20Serraglio.JPG&width=1600,Public domain,H005,H005 (Public domain) via Wikimedia Commons,2026-10-04,no location evidence in source metadata,crowded,normal,853595fe112106bf97bf8abc1d90b3e803b65328f55519953d7679a175384506,accepted,
wwm_0069,data/web_waste_mini/paper/wwm_0069.jpg,paper,global_public,https://commons.wikimedia.org/wiki/File:Boston_Korea_newspapers_at_H_Mart_Burlington.jpg,https://commons.wikimedia.org/w/thumb.php?f=Boston%20Korea%20newspapers%20at%20H%20Mart%20Burlington.jpg&width=1600,CC BY 4.0,Chang at Boston Korea,Chang at Boston Korea (CC BY 4.0) via Wikimedia Commons,2026-10-04,no location evidence in source metadata,single,normal,22f4f2b903158dc82b194c595ebd52bd20b1f7ceb1003e7f641ebeaa463fd16d,accepted,
wwm_0070,data/web_waste_mini/paper/wwm_0070.jpg,paper,global_public,https://commons.wikimedia.org/wiki/File:Newspaper-003.jpg,https://commons.wikimedia.org/w/thumb.php?f=Newspaper-003.jpg&width=1600,CC BY-SA 4.0,Alexander Novikov,Alexander Novikov (CC BY-SA 4.0) via Wikimedia Commons,2026-10-04,no location evidence in source metadata,crowded,normal,dda554195f1bfa8a471d417196849900ae9b77c4f19c2c7594bf489070248187,accepted,
wwm_0071,data/web_waste_mini/paper/wwm_0071.jpg,paper,global_public,https://commons.wikimedia.org/wiki/File:Newspaper_20250330_120826.jpg,https://commons.wikimedia.org/w/thumb.php?f=Newspaper%2020250330%20120826.jpg&width=1600,CC BY 4.0,Ka23 13,Ka23 13 (CC BY 4.0) via Wikimedia Commons,2026-10-04,no location evidence in source metadata,crowded,normal,31820edf30fea32594c02a479aa4bd3ab3ccbd1306e24c5da002a2851d1f361d,accepted,manual review: bundled magazines; printed cover faces tiny and unrecognizable
wwm_0072,data/web_waste_mini/paper/wwm_0072.jpg,paper,global_public,https://commons.wikimedia.org/wiki/File:Newspapers_2.jpg,https://commons.wikimedia.org/w/thumb.php?f=Newspapers%202.jpg&width=1600,CC BY-SA 3.0,Mokkie,Mokkie (CC BY-SA 3.0) via Wikimedia Commons,2026-10-04,no location evidence in source metadata,crowded,normal,8cdb2bd6513d871dc19757be960796fd8a793d3f12ebd915880c84d83ae45e8a,accepted,manual review: stacked waste newspapers; printed photos tiny and unrecognizable
wwm_0073,data/web_waste_mini/paper/wwm_0073.jpg,paper,global_public,https://commons.wikimedia.org/wiki/File:Recycling_Newspapers.JPG,https://commons.wikimedia.org/w/thumb.php?f=Recycling%20Newspapers.JPG&width=1600,CC0,MarkBuckawicki,MarkBuckawicki (CC0) via Wikimedia Commons,2026-10-04,no location evidence in source metadata,crowded,normal,a9ad70c1ad61936cdfba76e271a2eb5205bec0440a8e73fb96a08d1ad7e1f0b0,accepted,"manual review: mixed waste paper and flyers; printed newspaper photos small, unrecognizable"
wwm_0074,data/web_waste_mini/paper/wwm_0074.jpg,paper,global_public,https://commons.wikimedia.org/wiki/File:Paper_recycling_in_Switzerland2.jpeg,https://commons.wikimedia.org/w/thumb.php?f=Paper%20recycling%20in%20Switzerland2.jpeg&width=1600,CC BY 4.0,Parpan05,Parpan05 (CC BY 4.0) via Wikimedia Commons,2026-10-04,no location evidence in source metadata,crowded,normal,e9efe575ed66a85adea9a795e8e3fd922e07c07cc0b6903ef0df973b8b0000a9,accepted,"round-5 review: bundled waste paper and newspapers, Switzerland"
wwm_0075,data/web_waste_mini/paper/wwm_0075.jpg,paper,global_public,https://commons.wikimedia.org/wiki/File:AVV_paper_spill_ubt.JPG,https://commons.wikimedia.org/w/thumb.php?f=AVV%20paper%20spill%20ubt.JPG&width=1600,CC BY 3.0,"Tomasz Sienicki [user: tsca , mail: tomasz.sienicki at gmail.com]","Tomasz Sienicki [user: tsca , mail: tomasz.sienicki at gmail.com] (CC BY 3.0) via Wikimedia Commons",2026-10-04,no location evidence in source metadata,crowded,normal,b93f387a02ff75e5d8343e414feb5de193c7b96ef7390d0f4d3cb7845b8f72fa,accepted,"round-5 review: newspapers spilled around paper containers, Denmark"
wwm_0076,data/web_waste_mini/paper/wwm_0076.jpg,paper,global_public,https://commons.wikimedia.org/wiki/File:Paper_recycling_facility_in_Ebisunishi.jpg,https://commons.wikimedia.org/w/thumb.php?f=Paper%20recycling%20facility%20in%20Ebisunishi.jpg&width=1600,CC0,Syced,Syced (CC0) via Wikimedia Commons,2026-10-04,no location evidence in source metadata,crowded,normal,b9c8124a033016862a532645f885f86df03d0e2b0ab8725fb4d85f5c91ffd169,accepted,"round-5 review: cages of compressed paper at recycling facility, Japan"
wwm_0077,data/web_waste_mini/paper/wwm_0077.jpg,paper,global_public,https://commons.wikimedia.org/wiki/File:Paper_recycling_facility_in_Ebisunishi_2.jpg,https://commons.wikimedia.org/w/thumb.php?f=Paper%20recycling%20facility%20in%20Ebisunishi%202.jpg&width=1600,CC0,Syced,Syced (CC0) via Wikimedia Commons,2026-10-04,no location evidence in source metadata,crowded,normal,3a4ad480820bfc1e9b90a01dc0e63eace0ee5446857d89f70628ee28d9bedee7,accepted,"round-5 review: baled waste paper at facility entrance, Japan"
wwm_0078,data/web_waste_mini/paper/wwm_0078.jpg,paper,global_public,https://commons.wikimedia.org/wiki/File:London_Bridge_newsstand_newspaper_returns_City_of_London_England.jpg,https://commons.wikimedia.org/w/thumb.php?f=London%20Bridge%20newsstand%20newspaper%20returns%20City%20of%20London%20England.jpg&width=1600,CC BY-SA 4.0,Acabashi,Acabashi (CC BY-SA 4.0) via Wikimedia Commons,2026-10-04,no location evidence in source metadata,single,normal,c47a868fa4d9d85570970fe4b624e88924e6cd235254a3c427ce24016faca23a,accepted,"round-5 review: tied newspaper bundle on crate, London"
wwm_0079,data/web_waste_mini/paper/wwm_0079.jpg,paper,global_public,https://commons.wikimedia.org/wiki/File:Paper_recycling_in_Sweden_2020.jpg,https://commons.wikimedia.org/w/thumb.php?f=Paper%20recycling%20in%20Sweden%202020.jpg&width=1600,CC BY-SA 4.0,Frankie Fouganthin,Frankie Fouganthin (CC BY-SA 4.0) via Wikimedia Commons,2026-10-04,no location evidence in source metadata,crowded,normal,3e83f6e38aaa6b038e735ce09cffa4f2f6c794fd0ca6b945b5de24cdaa5fdb82,accepted,"round-5 review: mixed paper and packaging pile in bins, Sweden"
wwm_0080,data/web_waste_mini/paper/wwm_0080.jpg,paper,global_public,https://commons.wikimedia.org/wiki/File:BALES_OF_STOCK_AT_THE_FORT_HOWARD_PAPER_COMPANY_FROM_PAPER_PYRAMIDS_ON_THE_BANKS_OF_GREEN_BAY_-_NARA_-_550880.jpg,https://commons.wikimedia.org/w/thumb.php?f=BALES%20OF%20STOCK%20AT%20THE%20FORT%20HOWARD%20PAPER%20COMPANY%20FROM%20PAPER%20PYRAMIDS%20ON%20THE%20BANKS%20OF%20GREEN%20BAY%20-%20NARA%20-%20550880.jpg&width=1600,Public domain,Ted Rozumalski,Ted Rozumalski (Public domain) via Wikimedia Commons,2026-10-04,no location evidence in source metadata,crowded,normal,cea61fbf00314b5434b70937b77ee453edfd9bd32ffdec29b2f966f5b428fdb8,accepted,round-6 review: paper bale pyramids at paper company
wwm_0081,data/web_waste_mini/paper/wwm_0081.jpg,paper,global_public,https://commons.wikimedia.org/wiki/File:Dornbirn-Klaus_Thaler-collection_drink_paper_cartons-Tetra_Pack-03ASD.jpg,https://commons.wikimedia.org/w/thumb.php?f=Dornbirn-Klaus%20Thaler-collection%20drink%20paper%20cartons-Tetra%20Pack-03ASD.jpg&width=1600,CC BY-SA 4.0,Asurnipal,Asurnipal (CC BY-SA 4.0) via Wikimedia Commons,2026-10-04,no location evidence in source metadata,single,normal,1e61b6e4ec43b6275ac9d00614d4c2b28889b6257383e517381bf56a81978726,accepted,round-7 review: collected empty drink cartons (Tetra Pak) for recycling
wwm_0082,data/web_waste_mini/paper/wwm_0082.jpg,paper,global_public,"https://commons.wikimedia.org/wiki/File:New_York,_New_York_-_Longshoremen._A_tractor_crane_is_loading_bales_of_scrap_paper_from_warehouse_of_the_Bush..._-_NARA_-_518786.jpg",https://commons.wikimedia.org/w/thumb.php?f=New%20York%2C%20New%20York%20-%20Longshoremen.%20A%20tractor%20crane%20is%20loading%20bales%20of%20scrap%20paper%20from%20warehouse%20of%20the%20Bush...%20-%20NARA%20-%20518786.jpg&width=1600,Public domain,Lewis Hine,Lewis Hine (Public domain) via Wikimedia Commons,2026-10-04,no location evidence in source metadata,crowded,normal,95f191a727ec24a31b2e9051b9c6969f5b4a9aa6f0a75846c15781e452a2169d,accepted,"round-7 review: workers loading scrap paper bales, archival; faces small and unrecognizable"
wwm_0083,data/web_waste_mini/paper/wwm_0083.jpg,paper,global_public,https://commons.wikimedia.org/wiki/File:Poor_paper_recycling.jpg,https://commons.wikimedia.org/w/thumb.php?f=Poor%20paper%20recycling.jpg&width=1600,CC0,01x07x2022000,01x07x2022000 (CC0) via Wikimedia Commons,2026-10-04,no location evidence in source metadata,crowded,normal,668f925065479997eeb53849ecdbf221ad456ede7d6809e9c8bacc3be43cb178,accepted,round-7 review: open paper bin with cardboard and paper waste
wwm_0084,data/web_waste_mini/plastic/wwm_0084.jpg,plastic,global_public,"https://commons.wikimedia.org/wiki/File:Recycling_Bins,_Cheltenham,_UK.jpg",https://commons.wikimedia.org/w/thumb.php?f=Recycling%20Bins%2C%20Cheltenham%2C%20UK.jpg&width=1600,CC BY-SA 4.0,Dan Papworth,Dan Papworth (CC BY-SA 4.0) via Wikimedia Commons,2026-10-04,no location evidence in source metadata,crowded,normal,cbc26fd837a3910ca78bae26101b19d47553c1166911e2bc7c048481ff24f5cf,accepted,
wwm_0085,data/web_waste_mini/plastic/wwm_0085.jpg,plastic,global_public,https://commons.wikimedia.org/wiki/File:Glass_and_plastic_recycling_065_ubt.JPG,https://commons.wikimedia.org/w/thumb.php?f=Glass%20and%20plastic%20recycling%20065%20ubt.JPG&width=1600,CC BY 3.0,"© 2008 by Tomasz Sienicki [user: tsca , mail: tomasz.sienicki at gmail.com]","© 2008 by Tomasz Sienicki [user: tsca , mail: tomasz.sienicki at gmail.com] (CC BY 3.0) via Wikimedia Commons",2026-10-04,no location evidence in source metadata,crowded,normal,850994554edbb076eb3eff32b3aed81ba8be064eecc3839cb9358d1af310c15c,accepted,
wwm_0086,data/web_waste_mini/plastic/wwm_0086.jpg,plastic,global_public,https://commons.wikimedia.org/wiki/File:Empty_Plastic_Bottle.jpg,https://commons.wikimedia.org/w/thumb.php?f=Empty%20Plastic%20Bottle.jpg&width=1600,CC0,Echendu Tracy,Echendu Tracy (CC0) via Wikimedia Commons,2026-10-04,no location evidence in source metadata,single,transparent_hard,6a5e1e339285fb2a85b53e9e6a01e1abefa8a67163eebc6ccccb1a1c506b34d9,accepted,round-5 review: crushed used PET bottle; relabeled plastic
wwm_0087,data/web_waste_mini/plastic/wwm_0087.jpg,plastic,egypt_public,https://commons.wikimedia.org/wiki/File:Egypt_108.JPG,https://commons.wikimedia.org/w/thumb.php?f=Egypt%20108.JPG&width=1600,CC BY-SA 3.0,Effeietsanders,Effeietsanders (CC BY-SA 3.0) via Wikimedia Commons,2026-10-04,source categories contain 'Egypt',crowded,normal,f975e8d270da5a4b09264887f85aaf5b9fc15007e4d1483d4a1b66c285ee8b2d,accepted,
wwm_0088,data/web_waste_mini/plastic/wwm_0088.jpg,plastic,global_public,https://commons.wikimedia.org/wiki/File:A_plastic_bottle_collection_facility_for_recycling.jpg,https://commons.wikimedia.org/w/thumb.php?f=A%20plastic%20bottle%20collection%20facility%20for%20recycling.jpg&width=1600,CC BY-SA 4.0,DoronDoron,DoronDoron (CC BY-SA 4.0) via Wikimedia Commons,2026-10-04,no location evidence in source metadata,crowded,normal,933894f72b66105e1958c5c6c133ea99df742727beb79ada08acf0e12ff0e49d,accepted,"manual review: deposit-return cage full of plastic bottles; bin labels are scene content, no legible phone"
wwm_0089,data/web_waste_mini/plastic/wwm_0089.jpg,plastic,global_public,https://commons.wikimedia.org/wiki/File:Bales_of_PET_bottles_closeup.jpg,https://commons.wikimedia.org/w/thumb.php?f=Bales%20of%20PET%20bottles%20closeup.jpg&width=1600,CC BY-SA 4.0,Grendelkhan,Grendelkhan (CC BY-SA 4.0) via Wikimedia Commons,2026-10-04,no location evidence in source metadata,crowded,normal,59778ee64a55ceadecb8c682f795a5e533be5e35c40917abd0b913390033bdc6,accepted,
wwm_0090,data/web_waste_mini/plastic/wwm_0090.jpg,plastic,global_public,https://commons.wikimedia.org/wiki/File:Bales_of_PET_bottles_stacked.jpg,https://commons.wikimedia.org/w/thumb.php?f=Bales%20of%20PET%20bottles%20stacked.jpg&width=1600,CC BY-SA 4.0,Grendelkhan,Grendelkhan (CC BY-SA 4.0) via Wikimedia Commons,2026-10-04,no location evidence in source metadata,crowded,normal,c8716ea724f6a4baf0b9ff930c21f9a33903e8bfd9fd008aafe2a2147e75f729,accepted,
wwm_0091,data/web_waste_mini/plastic/wwm_0091.jpg,plastic,global_public,"https://commons.wikimedia.org/wiki/File:Crackers,_Water_Bottle,_Plastic_Garbage_Bag_(33925059962).jpg",https://commons.wikimedia.org/w/thumb.php?f=Crackers%2C%20Water%20Bottle%2C%20Plastic%20Garbage%20Bag%20%2833925059962%29.jpg&width=1600,CC BY 2.0,Laurel L. Russwurm from Canada,Laurel L. Russwurm from Canada (CC BY 2.0) via Wikimedia Commons,2026-10-04,no location evidence in source metadata,single,normal,f0592879832926d2fd40854db90e8bfb3db531e3d455e552a5ae6fda59fa9a2f,accepted,
wwm_0092,data/web_waste_mini/plastic/wwm_0092.jpg,plastic,global_public,"https://commons.wikimedia.org/wiki/File:Making_a_difference,_One_plastic_bottle_at_a_time_140417-A-LU698-067.jpg",https://commons.wikimedia.org/w/thumb.php?f=Making%20a%20difference%2C%20One%20plastic%20bottle%20at%20a%20time%20140417-A-LU698-067.jpg&width=1600,Public domain,Staff Sgt. Adam Keith,Staff Sgt. Adam Keith (Public domain) via Wikimedia Commons,2026-10-04,no location evidence in source metadata,crowded,normal,ddd472a81726ea71c72ba2bb3d8feb734cae4800d6ad1814f529e5312618cff8,accepted,
wwm_0093,data/web_waste_mini/plastic/wwm_0093.jpg,plastic,global_public,https://commons.wikimedia.org/wiki/File:Bales_of_Plastic.jpg,https://commons.wikimedia.org/w/thumb.php?f=Bales%20of%20Plastic.jpg&width=1600,CC BY-SA 4.0,Adeyinka Ekundayo,Adeyinka Ekundayo (CC BY-SA 4.0) via Wikimedia Commons,2026-10-04,no location evidence in source metadata,crowded,normal,d21f44fe6cb71aad6ef0a5be7164302c2c566a7c4cab4c20000330abd187fb8d,accepted,
wwm_0094,data/web_waste_mini/plastic/wwm_0094.jpg,plastic,global_public,"https://commons.wikimedia.org/wiki/File:Container_for_plastic_bottles,_Petrozavodsk,_2022.jpg",https://commons.wikimedia.org/w/thumb.php?f=Container%20for%20plastic%20bottles%2C%20Petrozavodsk%2C%202022.jpg&width=1600,Public domain,English: Andrew Krizhanovsky Русский: Андрей Крижановский,English: Andrew Krizhanovsky Русский: Андрей Крижановский (Public domain) via Wikimedia Commons,2026-10-04,no location evidence in source metadata,single,normal,61b9785a667e165663baa88dda320d2db7b73b259094651e16d13978478b0db8,accepted,
wwm_0095,data/web_waste_mini/plastic/wwm_0095.jpg,plastic,global_public,https://commons.wikimedia.org/wiki/File:Discarded_Meijer_plastic_bag.jpg,https://commons.wikimedia.org/w/thumb.php?f=Discarded%20Meijer%20plastic%20bag.jpg&width=1600,CC0,Visviva,Visviva (CC0) via Wikimedia Commons,2026-10-04,no location evidence in source metadata,single,normal,7cff2e73fe1591ebc086c2711b74f6cd840cc5d77428125949446c265a1f8b62,accepted,
wwm_0096,data/web_waste_mini/plastic/wwm_0096.jpg,plastic,global_public,https://commons.wikimedia.org/wiki/File:Eskişehir_Along_River_pet_bottle_collection_in_2018_8553.jpg,https://commons.wikimedia.org/w/thumb.php?f=Eski%C5%9Fehir%20Along%20River%20pet%20bottle%20collection%20in%202018%208553.jpg&width=1600,CC BY-SA 4.0,Dosseman,Dosseman (CC BY-SA 4.0) via Wikimedia Commons,2026-10-04,no location evidence in source metadata,single,normal,d9f7a7fb8d8681bf06c7642317ccefebf64e469baacf1319249a18b8bef32b76,accepted,
wwm_0097,data/web_waste_mini/plastic/wwm_0097.jpg,plastic,global_public,https://commons.wikimedia.org/wiki/File:DFC_4507_A_worker_sorting_recyclable_plastic_bottles_into_large_collection_sacks_along_a_quiet_urban_street.jpg,https://commons.wikimedia.org/w/thumb.php?f=DFC%204507%20A%20worker%20sorting%20recyclable%20plastic%20bottles%20into%20large%20collection%20sacks%20along%20a%20quiet%20urban%20street.jpg&width=1600,CC BY-SA 4.0,PattayaPatrol,PattayaPatrol (CC BY-SA 4.0) via Wikimedia Commons,2026-10-04,no location evidence in source metadata,crowded,normal,d136e1d5de36a1c938ec07bcc483e045bc4333a16f77f7a085b7b3f28e206b0d,accepted,"manual review: sack of PET bottles; worker head down, face not visible"
wwm_0098,data/web_waste_mini/plastic/wwm_0098.jpg,plastic,global_public,https://commons.wikimedia.org/wiki/File:PlasticBag.jpg,https://commons.wikimedia.org/w/thumb.php?f=PlasticBag.jpg&width=1600,CC BY 4.0,Jasmin Sessler,Jasmin Sessler (CC BY 4.0) via Wikimedia Commons,2026-10-04,no location evidence in source metadata,single,transparent_hard,ae5533f34538db4c4ba9aa14220adbc57d3d697b059e7ade59c234d0398fbaf4,accepted,
wwm_0099,data/web_waste_mini/plastic/wwm_0099.jpg,plastic,global_public,https://commons.wikimedia.org/wiki/File:Plastic_cap_collection_in_Nesebar.jpg,https://commons.wikimedia.org/w/thumb.php?f=Plastic%20cap%20collection%20in%20Nesebar.jpg&width=1600,CC BY-SA 4.0,Kritzolina,Kritzolina (CC BY-SA 4.0) via Wikimedia Commons,2026-10-04,no location evidence in source metadata,single,transparent_hard,9618f84cf0a159cff32b2197038818d9e39c5fe582228d9984d410c411f27170,accepted,manual review: PET bottles filled with bottle caps; campaign poster text not legible; transparent bottles
wwm_0100,data/web_waste_mini/plastic/wwm_0100.jpg,plastic,global_public,https://commons.wikimedia.org/wiki/File:Plastic_Bag_and_Plastic_Bottle_(33270517683).jpg,https://commons.wikimedia.org/w/thumb.php?f=Plastic%20Bag%20and%20Plastic%20Bottle%20%2833270517683%29.jpg&width=1600,CC BY 2.0,Laurel L. Russwurm from Canada,Laurel L. Russwurm from Canada (CC BY 2.0) via Wikimedia Commons,2026-10-04,no location evidence in source metadata,single,transparent_hard,6e4142b5c30d411da0dda96c2a8ad28a8a711bd362f346b799531397fb81abab,accepted,
wwm_0101,data/web_waste_mini/plastic/wwm_0101.jpg,plastic,global_public,https://commons.wikimedia.org/wiki/File:Coca_Cola_plastic_bottles.jpg,https://commons.wikimedia.org/w/thumb.php?f=Coca%20Cola%20plastic%20bottles.jpg&width=1600,CC BY-SA 4.0,Tomascastelazo,Tomascastelazo (CC BY-SA 4.0) via Wikimedia Commons,2026-10-04,no location evidence in source metadata,crowded,normal,aa7c0da1f12611112f226f5af9f5f10cf5a19498881573c0257ce678798bf3f2,accepted,round-5 review: plastic bottles and cans floating in water
wwm_0102,data/web_waste_mini/plastic/wwm_0102.jpg,plastic,global_public,https://commons.wikimedia.org/wiki/File:Collected_plastic_bottles_as_raw_material_-_Bouteilles_plastiques_collectées_comme_matière_première_(3267349090).jpg,https://commons.wikimedia.org/w/thumb.php?f=Collected%20plastic%20bottles%20as%20raw%20material%20-%20Bouteilles%20plastiques%20collect%C3%A9es%20comme%20mati%C3%A8re%20premi%C3%A8re%20%283267349090%29.jpg&width=1600,CC BY 2.0,SuSanA Secretariat,SuSanA Secretariat (CC BY 2.0) via Wikimedia Commons,2026-10-04,no location evidence in source metadata,crowded,normal,098f7a511eeb74cb8d218e177c6dc745f9aabe1c6993d2927a9e8909ea1dbcf6,accepted,round-5 review: huge pile of collected plastic containers
wwm_0103,data/web_waste_mini/plastic/wwm_0103.jpg,plastic,global_public,https://commons.wikimedia.org/wiki/File:Baled_PET_Bottles_in_Taiwan.jpg,https://commons.wikimedia.org/w/thumb.php?f=Baled%20PET%20Bottles%20in%20Taiwan.jpg&width=1600,CC BY 2.0,Larry Koester,Larry Koester (CC BY 2.0) via Wikimedia Commons,2026-10-04,no location evidence in source metadata,single,normal,1a6da06046fb7329be03fdd324c650f9ae9c28b28b54f2b44109b03220e2fef4,accepted,"round-5 review: baled PET bottles closeup, Taiwan"
wwm_0104,data/web_waste_mini/plastic/wwm_0104.jpg,plastic,global_public,https://commons.wikimedia.org/wiki/File:Discarded_plastic_bottle_leaning_against_a_garbage_container_on_a_quiet_street.jpg,https://commons.wikimedia.org/w/thumb.php?f=Discarded%20plastic%20bottle%20leaning%20against%20a%20garbage%20container%20on%20a%20quiet%20street.jpg&width=1600,CC BY 2.0,Shixart1985,Shixart1985 (CC BY 2.0) via Wikimedia Commons,2026-10-04,no location evidence in source metadata,single,transparent_hard,d8da11c1f00aa89b701b08b9bed8117efcda0e66909647dc3ca9626dbdb6f0f8,accepted,round-5 review: clear bottle wedged in container
wwm_0105,data/web_waste_mini/plastic/wwm_0105.jpg,plastic,global_public,https://commons.wikimedia.org/wiki/File:Old_plastic_bottle.jpg,https://commons.wikimedia.org/w/thumb.php?f=Old%20plastic%20bottle.jpg&width=1600,CC BY-SA 4.0,Bizzarle,Bizzarle (CC BY-SA 4.0) via Wikimedia Commons,2026-10-04,no location evidence in source metadata,single,normal,e5865f99540cc465e097c4116a49aa3ead83359c269e9f0d8596b690d9d5d4f6,accepted,round-5 review: dirty old cracked plastic bottle in grass
wwm_0106,data/web_waste_mini/trash/wwm_0106.jpg,trash,global_public,https://commons.wikimedia.org/wiki/File:DSCF0729_Outdoor_café_with_stacked_chairs_neon_flamingo_signs_and_a_large_cardboard_box_leaning_by_a_tiled_fountain.jpg,https://commons.wikimedia.org/w/thumb.php?f=DSCF0729%20Outdoor%20caf%C3%A9%20with%20stacked%20chairs%20neon%20flamingo%20signs%20and%20a%20large%20cardboard%20box%20leaning%20by%20a%20tiled%20fountain.jpg&width=1600,CC BY-SA 4.0,PattayaPatrol,PattayaPatrol (CC BY-SA 4.0) via Wikimedia Commons,2026-10-04,no location evidence in source metadata,crowded,normal,57432e7e79af840cb0831e7bd1f9d3ddddeecd01d5e4c3670b18b368d496a32e,accepted,"manual review: mixed discarded furniture and cardboard sheet; person at edge cropped, face not visible; relabeled trash"
wwm_0107,data/web_waste_mini/trash/wwm_0107.jpg,trash,global_public,https://commons.wikimedia.org/wiki/File:EFTA00002289_-_Cluttered_storage_room_with_a_gray_cabinet_open_orange_ladder_cardboard_boxes_and_various_tools_leaning_against_the_wall.jpg,https://commons.wikimedia.org/w/thumb.php?f=EFTA00002289%20-%20Cluttered%20storage%20room%20with%20a%20gray%20cabinet%20open%20orange%20ladder%20cardboard%20boxes%20and%20various%20tools%20leaning%20against%20the%20wall.jpg&width=768,Public domain,Federal Bureau of Investigation,Federal Bureau of Investigation (Public domain) via Wikimedia Commons,2026-10-04,no location evidence in source metadata,crowded,normal,2b0ec0b9b990b7c058b452dd66a9f5dc4c9343d7428bce74445ebad973c7cb97,accepted,
wwm_0108,data/web_waste_mini/trash/wwm_0108.jpg,trash,global_public,https://commons.wikimedia.org/wiki/File:Garbage_(4887149043).jpg,https://commons.wikimedia.org/w/thumb.php?f=Garbage%20%284887149043%29.jpg&width=1600,CC BY 2.0,CGP Grey,CGP Grey (CC BY 2.0) via Wikimedia Commons,2026-10-04,no location evidence in source metadata,crowded,normal,7fccf272679bb7c3001066b0bee18b28bf56634be17f3677bc54bb3c99ef8963,accepted,manual review: takeaway litter on bin; pedestrians distant unrecognizable; no discernible plate
wwm_0109,data/web_waste_mini/trash/wwm_0109.jpg,trash,egypt_public,https://commons.wikimedia.org/wiki/File:Zabbaleen-donkey.jpg,https://commons.wikimedia.org/w/thumb.php?f=Zabbaleen-donkey.jpg&width=1300,CC BY-SA 3.0,Matthias Feilhauer,Matthias Feilhauer (CC BY-SA 3.0) via Wikimedia Commons,2026-10-04,source categories contain 'Egypt',crowded,normal,0af6ad6aa981f37807b7e38e7d205a95f023a9d213ae74ecb9ecebbc63f259d6,accepted,
wwm_0110,data/web_waste_mini/trash/wwm_0110.jpg,trash,egypt_public,https://commons.wikimedia.org/wiki/File:Bahr_Shebin_Rubbish-Shebin_El-Kom.jpg,https://commons.wikimedia.org/w/thumb.php?f=Bahr%20Shebin%20Rubbish-Shebin%20El-Kom.jpg&width=1600,CC BY-SA 4.0,Faris knight,Faris knight (CC BY-SA 4.0) via Wikimedia Commons,2026-10-04,source categories contain 'Egypt',crowded,normal,619ab6913ee87408cf51272794cfd187ba7f725901829ce66994ef4a0a82564b,accepted,manual review: canal with floating mixed litter; people on bridge distant dots
wwm_0111,data/web_waste_mini/trash/wwm_0111.jpg,trash,global_public,https://commons.wikimedia.org/wiki/File:Rubbish_bin_Shlisselburg.jpg,https://commons.wikimedia.org/w/thumb.php?f=Rubbish%20bin%20Shlisselburg.jpg&width=1600,CC BY-SA 4.0,Antonio Kless,Antonio Kless (CC BY-SA 4.0) via Wikimedia Commons,2026-10-04,no location evidence in source metadata,crowded,normal,7a19293ff918c98ee594c27854d30cf82d87c07d537fda5ba6d684e30dcb1521,accepted,
wwm_0112,data/web_waste_mini/trash/wwm_0112.jpg,trash,global_public,https://commons.wikimedia.org/wiki/File:Abandoned_family_memories_and_household_items_in_Popasne_Dnipropetrovsk_Oblast_Ukraine_by_baby-bear.org_02.jpg,https://commons.wikimedia.org/w/thumb.php?f=Abandoned%20family%20memories%20and%20household%20items%20in%20Popasne%20Dnipropetrovsk%20Oblast%20Ukraine%20by%20baby-bear.org%2002.jpg&width=1600,CC BY 4.0,Natalka Ukraine ( baby-bear.org ),Natalka Ukraine ( baby-bear.org ) (CC BY 4.0) via Wikimedia Commons,2026-10-04,no location evidence in source metadata,crowded,normal,b78c7b371f52b6d8afc9180abcdf42a69bb2a2a0b45a9cbaca6a91bdfca35a8e,accepted,manual review: mixed discarded household junk; framed photo figures unrecognizable; relabeled trash
wwm_0113,data/web_waste_mini/trash/wwm_0113.jpg,trash,global_public,https://commons.wikimedia.org/wiki/File:Burned_plastic_and_metals_waste_container_-_via_Umberto_Cagni.jpg,https://commons.wikimedia.org/w/thumb.php?f=Burned%20plastic%20and%20metals%20waste%20container%20-%20via%20Umberto%20Cagni.jpg&width=1600,CC BY-SA 4.0,Kaga tau,Kaga tau (CC BY-SA 4.0) via Wikimedia Commons,2026-10-04,no location evidence in source metadata,crowded,normal,7be14a27ea2781f26ce902fc3939f7292a087cb8949d9ce8008a8056c4c3afea,accepted,
wwm_0114,data/web_waste_mini/trash/wwm_0114.jpg,trash,global_public,https://commons.wikimedia.org/wiki/File:Bottles_and_cans_(4540275628).jpg,https://commons.wikimedia.org/w/thumb.php?f=Bottles%20and%20cans%20%284540275628%29.jpg&width=1600,CC BY-SA 2.0,kimubert,kimubert (CC BY-SA 2.0) via Wikimedia Commons,2026-10-04,no location evidence in source metadata,crowded,transparent_hard,8556112e0ac41b808142d4d8e723871f0d00552b4b0dd0de75324575ff59661f,accepted,
wwm_0115,data/web_waste_mini/trash/wwm_0115.jpg,trash,egypt_public,"https://commons.wikimedia.org/wiki/File:A_garbage_truck_driving_through_the_Streets_of_Manshiyat_Nasser,_Mokattam,_Cairo.JPG",https://commons.wikimedia.org/w/thumb.php?f=A%20garbage%20truck%20driving%20through%20the%20Streets%20of%20Manshiyat%20Nasser%2C%20Mokattam%2C%20Cairo.JPG&width=1600,CC BY-SA 3.0,Fabian Deter,Fabian Deter (CC BY-SA 3.0) via Wikimedia Commons,2026-10-04,source description contains 'Egypt',crowded,normal,5e0b360f19eaa0fe94ed598a6e2f01939ba315a6e0ae8b3a7c935d08cfddb81e,accepted,
wwm_0116,data/web_waste_mini/trash/wwm_0116.jpg,trash,global_public,https://commons.wikimedia.org/wiki/File:Manshiyat_Naser.jpg,https://commons.wikimedia.org/w/thumb.php?f=Manshiyat%20Naser.jpg&width=1162,CC BY-SA 4.0,Виктор Пинчук,Виктор Пинчук (CC BY-SA 4.0) via Wikimedia Commons,2026-10-04,no location evidence in source metadata,crowded,normal,7f034c207a117ff72659cf03dc73425f49f7c6ff73a43776fed2c3fe582bea2e,accepted,"manual review: street waste piles; people distant, faces unrecognizable"
wwm_0117,data/web_waste_mini/trash/wwm_0117.jpg,trash,egypt_public,"https://commons.wikimedia.org/wiki/File:Manshiyat_naser-Garbage_City,_Cairo,_Egypt1.jpg",https://commons.wikimedia.org/w/thumb.php?f=Manshiyat%20naser-Garbage%20City%2C%20Cairo%2C%20Egypt1.jpg&width=1600,CC BY-SA 3.0,Diego Delso,Diego Delso (CC BY-SA 3.0) via Wikimedia Commons,2026-10-04,source categories contain 'Egypt',crowded,normal,1514f9f0ac14c9acc0ebc3d49c1627ef3b9f5c53825634c59d7de5deee5b193e,accepted,
wwm_0118,data/web_waste_mini/trash/wwm_0118.jpg,trash,egypt_public,"https://commons.wikimedia.org/wiki/File:Manshiyat_naser-Garbage_City,_Cairo,_Egypt2.jpg",https://commons.wikimedia.org/w/thumb.php?f=Manshiyat%20naser-Garbage%20City%2C%20Cairo%2C%20Egypt2.jpg&width=1600,CC BY-SA 3.0,Diego Delso,Diego Delso (CC BY-SA 3.0) via Wikimedia Commons,2026-10-04,source categories contain 'Egypt',crowded,normal,30d7cfde35438bed87a8e717e5d289a4a00ef602af4e13f7e9a8a0a89396c410,accepted,manual review: street waste piles; people distant and unrecognizable; no discernible plates
wwm_0119,data/web_waste_mini/trash/wwm_0119.jpg,trash,egypt_public,https://commons.wikimedia.org/wiki/File:Müllgebiet_Ezbet_Al_Nakhl.jpg,https://commons.wikimedia.org/w/thumb.php?f=M%C3%BCllgebiet%20Ezbet%20Al%20Nakhl.jpg&width=1600,CC BY-SA 3.0,Ventus,Ventus (CC BY-SA 3.0) via Wikimedia Commons,2026-10-04,source categories contain 'cairo',crowded,normal,e234ac659cfc271d067549fc6e259bf39172bdaeee1831984e93e5d81115e1c2,accepted,manual review: dense informal waste-sorting area; people tiny and unrecognizable
wwm_0120,data/web_waste_mini/trash/wwm_0120.jpg,trash,egypt_public,https://commons.wikimedia.org/wiki/File:Horse-drawn_garbage_collection_in_Alexandria.jpg,https://commons.wikimedia.org/w/thumb.php?f=Horse-drawn%20garbage%20collection%20in%20Alexandria.jpg&width=1600,CC BY 4.0,Marsupium,Marsupium (CC BY 4.0) via Wikimedia Commons,2026-10-04,source categories contain 'Egypt',single,normal,fe6db290be2231ad472e1de2d11e253555ba720822ba5d4fa9b3a0394b9ca798,accepted,
wwm_0121,data/web_waste_mini/trash/wwm_0121.jpg,trash,global_public,https://commons.wikimedia.org/wiki/File:Collected_Beach_Litter_at_Scabbacombe_Sands.jpg,https://commons.wikimedia.org/w/thumb.php?f=Collected%20Beach%20Litter%20at%20Scabbacombe%20Sands.jpg&width=1600,CC BY-SA 4.0,Partonez,Partonez (CC BY-SA 4.0) via Wikimedia Commons,2026-10-04,no location evidence in source metadata,crowded,normal,882a656424683b01cd470da6fe7ef8fb447f59c84f930d1512c8aa132380a355,accepted,
wwm_0122,data/web_waste_mini/trash/wwm_0122.jpg,trash,global_public,https://commons.wikimedia.org/wiki/File:Accumulated_urban_refuse_at_umuzocha_Awka.jpg,https://commons.wikimedia.org/w/thumb.php?f=Accumulated%20urban%20refuse%20at%20umuzocha%20Awka.jpg&width=1600,CC0,Johnnybam,Johnnybam (CC0) via Wikimedia Commons,2026-10-04,no location evidence in source metadata,crowded,normal,eb0e8408728b975df3f5352e630dfb18cb3c6d4efaee9225a278d573391179d8,accepted,
wwm_0123,data/web_waste_mini/trash/wwm_0123.jpg,trash,global_public,"https://commons.wikimedia.org/wiki/File:007_Beach_pollution_-_household_waste_and_construction_rubble_dumped_illegally_in_Baracoa,_Cuba.jpg",https://commons.wikimedia.org/w/thumb.php?f=007%20Beach%20pollution%20-%20household%20waste%20and%20construction%20rubble%20dumped%20illegally%20in%20Baracoa%2C%20Cuba.jpg&width=1600,CC BY 3.0,Marek Ślusarczyk ( Tupungato ) Photo portfolio,Marek Ślusarczyk ( Tupungato ) Photo portfolio (CC BY 3.0) via Wikimedia Commons,2026-10-04,no location evidence in source metadata,crowded,normal,96567eba5f1dd145473b2b3abeeb7ab0823d8a26fa7a0ab0d34073406f59889b,accepted,
wwm_0124,data/web_waste_mini/trash/wwm_0124.jpg,trash,global_public,https://commons.wikimedia.org/wiki/File:Children_on_waste_heap.jpg,https://commons.wikimedia.org/w/thumb.php?f=Children%20on%20waste%20heap.jpg&width=1600,CC BY-SA 4.0,Knowledge and philosophy,Knowledge and philosophy (CC BY-SA 4.0) via Wikimedia Commons,2026-10-04,no location evidence in source metadata,crowded,normal,4fc21492586cd4d518b4fa7543b5105206ff19e83b04a929c45e909f8b2be43d,accepted,manual review: open waste dump; people distant and unrecognizable
wwm_0125,data/web_waste_mini/trash/wwm_0125.jpg,trash,global_public,"https://commons.wikimedia.org/wiki/File:Fly-tipping_construction_waste_in_Parco_Alto_Milanese_-_Busto_Arsizio,_Lombardy,_Italy.jpg",https://commons.wikimedia.org/w/thumb.php?f=Fly-tipping%20construction%20waste%20in%20Parco%20Alto%20Milanese%20-%20Busto%20Arsizio%2C%20Lombardy%2C%20Italy.jpg&width=1600,CC BY-SA 4.0,Mænsard vokser,Mænsard vokser (CC BY-SA 4.0) via Wikimedia Commons,2026-10-04,no location evidence in source metadata,crowded,normal,44212dab7d23884d7c4a704313fbfa3b15a9e7db576d4771b30a9e304dc8f998,accepted,round-5 review: fly-tipped construction rubble pile
,,cardboard,,https://commons.wikimedia.org/wiki/File:2011_Egypt_protests_-_cardboard_sign.jpg,,CC BY 2.0,Mona,,2026-10-04,,,,0fa8bb41166f84ccc08e19294a03d30c7abc3a5580eb1a6f4b99789e29c36167,rejected,Multiple clear recognizable faces visible
,,,,"https://commons.wikimedia.org/wiki/File:Bretter,_die_die_Welt_bedeuten._Spielend_durch_2000_Jahre_Köln_-0745.jpg",,CC BY-SA 4.0,Raimond Spekking,,2026-10-04,,,,991ed407d45f00420e45be7e1d28b1ff76495ac46318cacda91722f1a802330b,rejected,not a waste image / wrong subject
,,cardboard,,https://commons.wikimedia.org/wiki/File:Cardboard_Fibers_(3965966456).jpg,,CC BY 2.0,"Andrew A. Shenouda from Riyadh, Saudi Arabia",,2026-10-04,,,,6fdd65287806e9f7ca20cdd301668286efa228baadababe9b2f2ee8e1fef8384,rejected,manual review: photographer name text overlay on image
,,,,https://commons.wikimedia.org/wiki/File:Franz_von_Lenbach_Bildnis_eines_Arabers_1876.jpg,,Public domain,Franz von Lenbach,,2026-10-04,,,,7a5cc12d0a5af53c755d300b591ee11447b59eb91fdbe14057cd0c773c83fcc0,rejected,not a waste image / wrong subject
,,,,https://commons.wikimedia.org/wiki/File:Hariciye_Müsteşarı_Artin_Dadyan_kulları.jpg,,Public domain,Abdullah frères,,2026-10-04,,,,d556b9d510ad2fc1dc812bf0eb027b3b8b0ed139d98eb231b260f2cb93b55161,rejected,not a waste image / wrong subject
,,,,https://commons.wikimedia.org/wiki/File:Hariciye_Müsteşarı_Artin_Dadyan_kulları_(cropped).jpg,,Public domain,Abdullah frères,,2026-10-04,,,,39520193f86641ae0a372e974864d08c9c347ffdc37183c144c5b45cb227345d,rejected,not a waste image / wrong subject
,,,,https://commons.wikimedia.org/wiki/File:Jean-Baptiste_Marchand_dedicace_et_signature.jpg,,CC BY-SA 4.0,Trois-Chênes-Coupés,,2026-10-04,,,,7665813685bc276dc7f2df9c8dac5c07d57539eb0b1173ad1c9af2e0ce7db388,rejected,not a waste image / wrong subject
,,,,https://commons.wikimedia.org/wiki/File:Matteo_Olivero_Straße_in_Kairo.jpg,,Public domain,Matteo Olivero,,2026-10-04,,,,1e52d42aff4a718e36244498a2a3041dd3996b9f10488e29ee9bf34c7f7234b6,rejected,not a waste image / wrong subject
,,paper,,"https://commons.wikimedia.org/wiki/File:Niqabi_protester's_message_reads_""(Tahrir)_Square_open_(to_traffic)_by_order_of_the_revolution.""_(6487905887).jpg",,CC BY-SA 2.0,"Alisdare Hickson from Canterbury, United Kingdom",,2026-10-04,,,,b83bcdcd27a6df67e487b877cecf5a19b70ce36aa07647b05456585558a3ad6e,rejected,"Clear faces of bystanders, dominant sign is paper"
,,,,https://commons.wikimedia.org/wiki/File:Peder_Mønsted_-_Parti_fra_Egypten_med_kameler_i_en_beduinlejr_ved_solnedgang_-_1893.png,,Public domain,Peder Mørk Mønsted,,2026-10-04,,,,75798e15ee7398efe4c97d0cfa2199cae2d229d29843afc940da76d23055a7b2,rejected,not a waste image / wrong subject
,,,,"https://commons.wikimedia.org/wiki/File:Performers_from_the_""Streets_of_Cairo""_in_the_Oriental_Village_on_the_Pay_Streak_at_AYPE,_Seattle,_1909_(MOHAI_9367).jpg",,Public domain,Unknown author Unknown author,,2026-10-04,,,,a071740b4706eaf94445140700b4b69a0ff10734f9d5501de87002900f6d2131,rejected,not a waste image / wrong subject
,,,,https://commons.wikimedia.org/wiki/File:Sultan_Abdullaziz_of_the_Ottoman_Empire.jpg,,Public domain,Abdullah frères,,2026-10-04,,,,890f6c276c95fbe84d6b6951972250a697ccb976d1c0dc588f1a4678db68071c,rejected,not a waste image / wrong subject
,,,,https://commons.wikimedia.org/wiki/File:The_Khan’s_Bride_by_Ivan_Bilibin.jpg,,Public domain,Ivan Bilibin,,2026-10-04,,,,820e489f1a93ec652d7e2a1e832a73b82dfb90f8e871fc1ffe29ecd3ac609dfd,rejected,not a waste image / wrong subject
,,,,https://commons.wikimedia.org/wiki/File:Αγορά_του_Καΐρου.jpg,,Public domain,Προσαλέντης Παύλος,,2026-10-04,,,,40735bc55d48939f5e9e22e938d60c50a3a5356513fdaf6871e0b1b168816ad7,rejected,not a waste image / wrong subject
,,,,https://commons.wikimedia.org/wiki/File:Σπυρίδων_Σκαρβέλης.jpg,,Public domain,Σπυρίδων Σκαρβέλης,,2026-10-04,,,,dba52163acd4527997e07d171e3dd4089552d0aa0b15eb50cfca9d60322890e6,rejected,not a waste image / wrong subject
,,,,"https://commons.wikimedia.org/wiki/File:Medal,_campaign_(AM_1985.119-1).jpg",,CC BY 4.0,"William McMillan; MacKennal, Bertram",,2026-10-04,,,,338a1a7520a2446cc3ca68a972f29e7210f7b0505b4ded20acc65764c03cd382,rejected,not a waste image / wrong subject
,,,,"https://commons.wikimedia.org/wiki/File:Medal,_campaign_(AM_1985.119-3).jpg",,CC BY 4.0,"William McMillan; MacKennal, Bertram",,2026-10-04,,,,2c61b286068595b00df272ef498a491b809c2fb00c80ea37be5ff42e1c9b35a2,rejected,not a waste image / wrong subject
,,,,"https://commons.wikimedia.org/wiki/File:Medal,_campaign_(AM_1985.119-6).jpg",,CC BY 4.0,"William McMillan; MacKennal, Bertram",,2026-10-04,,,,84a56459cf8a45d3fcadf567f2aa86fd1cdd89c6b51252b7969484cbfff2c771,rejected,not a waste image / wrong subject
,,,,"https://commons.wikimedia.org/wiki/File:Medal,_campaign_(AM_1985.119-7).jpg",,CC BY 4.0,"William McMillan; MacKennal, Bertram",,2026-10-04,,,,b9f76e5049662401ba9b59936a808aaf2a2bd0699b5a5da2f437400b9061188e,rejected,not a waste image / wrong subject
,,,,"https://commons.wikimedia.org/wiki/File:Medal,_campaign_(AM_1985.119-8).jpg",,CC BY 4.0,"William McMillan; MacKennal, Bertram",,2026-10-04,,,,391478a87cad9d1cbcc2fd8d00f5d10cbeb5fe8d6d0620cbdcb025822977230e,rejected,not a waste image / wrong subject
,,cardboard,,https://commons.wikimedia.org/wiki/File:An_Overview_of_Moving_Companies_and_Their_Use_of_Moving_Boxes.jpg,,CC BY 2.0,brownpau,,2026-10-04,,,,9a82c68bef27d502e48a17829547ea32d8944663e7cb3d1c6802edc4307efee0,rejected,manual review: legible business number printed on box side
,,cardboard,,https://commons.wikimedia.org/wiki/File:Box_baler_at_Walmart.jpg,,CC BY 2.0,"Walmart from Bentonville, USA",,2026-10-04,,,,5fce554ca8a5e0e953f0714d8a4e2e5c5f97860f872ae459be11037bb3091333,rejected,manual review: recognizable worker face visible in warehouse
,,,,https://commons.wikimedia.org/wiki/File:Cryovial_Tube_Cardboard_Storage_Boxes.jpg,,CC BY-SA 4.0,Ajay Kumar Chaurasiya,,2026-10-04,,,,1bab2f8b733c4ae4254431219fa4590f8403ee4afcb5a4c70d4ffaf62e4a6b17,rejected,not a waste image / wrong subject
,,cardboard,,https://commons.wikimedia.org/wiki/File:Cardboard_boxes_in_different_sizes_for_sale_-_Thailand_Post.JPG,,CC BY-SA 3.0,User:Mattes,,2026-10-04,,,,09d23f79b0ee7be6a812fc2e3e7f108f940742bdbae39a0a632a8bce7b5a82c9,rejected,recognizable woman's face visible at left edge
,,,,https://commons.wikimedia.org/wiki/File:Durian_fruits_piled_on_top_of_cardboard_boxes.jpg,,CC BY-SA 4.0,KKPCW（Kyu3）,,2026-10-04,,,,412304142be9491ae0247cc718c343a7c1e98f72306eb5437b5df72694c09005,rejected,not a waste image / wrong subject
,,cardboard,,https://commons.wikimedia.org/wiki/File:Dumped_cardboard_-_Devon_Close.jpg,,CC BY-SA 2.0,Alan Stanton,,2026-10-04,,,,418599f359861991ea83d641f46e9105843018be78d014b98f3ffa12def611fd,rejected,"final contact-sheet QA: dumped construction debris (plasterboard/wood), not cardboard"
,,cardboard,,"https://commons.wikimedia.org/wiki/File:Cats_Nap_on_Cardboard_Boxes_-_Gaia_District_-_Porto,_Portugal_(4642959142).jpg",,CC BY-SA 2.0,"Adam Jones from Kelowna, BC, Canada",,2026-10-04,,,,4ab9c387e5ae06457736f8dc9746479cd4ca3cb56d33dc84d391dd466fa3915c,rejected,"final contact-sheet QA: cats sleeping on boxes are the main subject, not waste"
,,,,"https://commons.wikimedia.org/wiki/File:Industries_of_War_-_Boxes_-_MANUFACTURING_CARTONS_FOR_MILITARY_USE._Die_used_for_the_cutting._International_Folding_paper_Box_Co.,_Brooklyn,_New_York_-_NARA_-_31486115.jpg",,Public domain,Unknown author Unknown author or not provided,,2026-10-04,,,,357f724e655b500ec28e190ca7cb86b4889f7458ca012bf26900cbc576676f7e,rejected,not a waste image / wrong subject
,,,,https://commons.wikimedia.org/wiki/File:EFTA00000431_-_Gray_metal_door_with_a_circular_window_emergency_exit_sign_and_intercom_is_set_into_a_white_wall_with_black-and-white_checkered_floor_surrounded_by_stacked_cardboard_boxes.jpg,,Public domain,Federal Bureau of Investigation,,2026-10-04,,,,91989763ad0afac2f92ab44e28fefd976aca19de5d30c9067913d7ba20a2378b,rejected,not a waste image / wrong subject
,,cardboard,,https://commons.wikimedia.org/wiki/File:Shoving_cardboards_into_garbage_truck.jpg,,CC0,Syced,,2026-10-04,,,,e8d49cf16f6ceb072f656d22ba1e1f3955d0246f63d43668e72fd91abaeed736,rejected,readable license plate on garbage truck
,,,,https://commons.wikimedia.org/wiki/File:EFTA00002953-Temple_-_Large_cardboard_boxes_labeled_USG_Durock_Cement_Board_sit_on_a_wooden_floor_in_what_appears_to_be_a_construction_or_storage_area.jpg,,Public domain,Federal Bureau of Investigation,,2026-10-04,,,,2640a084559571395a9f172016bc07aa3f1a610e1c21843a5edb9518f21e111f,rejected,not a waste image / wrong subject
,,,,https://commons.wikimedia.org/wiki/File:Cave_Cathedral_or_St_Sama'ans_Church.png,,CC BY-SA 4.0,The Eloquent Peasant,,2026-10-04,,,,2348b6b46f9863a4cbbb569c056f576c977639b074838e8a3da7268b24b5ba90,rejected,not a waste image / wrong subject
,,,,https://commons.wikimedia.org/wiki/File:Coptic_cave_church_past_Manshiyat_Naser_in_Egypt.png,,CC BY-SA 4.0,The Eloquent Peasant,,2026-10-04,,,,1885495aeec2a46442f6c5d9c475d79101d0612aad0a7bdb6d2b2575e443511d,rejected,not a waste image / wrong subject
,,,,https://commons.wikimedia.org/wiki/File:Free_Derry_Bloody_Sunday_memorial_march.jpg,,CC BY-SA 2.0,"kitestramuort from garbage city, italy",,2026-10-04,,,,019adf0e588e5215c812feef7f81826a5ce99a8752b8ababdd5976adfd68ae49,rejected,not a waste image / wrong subject
,,,,https://commons.wikimedia.org/wiki/File:GATHER_THE_TROOPS.JPG,,CC BY-SA 3.0,Dwight McGhee,,2026-10-04,,,,a4130146b1e23c2ea7fa79d2b5d74e82b47d8cd11351fb93cc4a84ef07b08678,rejected,not a waste image / wrong subject
,,trash,,https://commons.wikimedia.org/wiki/File:Garbage_city.jpg,,CC BY-SA 4.0,Mohamed Osam,,2026-10-04,,,,42cc760f565964cb638dc210b6785a2ea07a5177dd9b6f117d7200ae6ff92552,rejected,recognizable worker face visible
,,trash,,https://commons.wikimedia.org/wiki/File:A_Group_of_Boys_at_Moqattam_Village_Dec_2009.JPG,,CC BY-SA 3.0,Ayoung Shin Ayoung0131 ( talk ),,2026-10-04,,,,f62ba27a90776459f332a88a4e54e5b4477c16c315dbda2f617cd4e4ca9d2422,rejected,recognizable children faces and readable license plate
,,,,https://commons.wikimedia.org/wiki/File:R1-01662-0046.jpg,,CC BY-SA 4.0,Zabbaleen,,2026-10-04,,,,3c1bffdf34d61edbb4209fe5201ddebe9bb22e3313b5fb748e0cb01ed532a5e1,rejected,not a waste image / wrong subject
,,,,https://commons.wikimedia.org/wiki/File:Rechytsa_Beach_Area.jpg,,CC BY-SA 4.0,Zabbaleen,,2026-10-04,,,,12adf7bc2acab614042a4248803eeff895742b77849d6c639f904145dd6124fd,rejected,not a waste image / wrong subject
,,trash,,https://commons.wikimedia.org/wiki/File:Egyptian_Vulture_flock_over_Garbage_Dump_in_Udaipur.jpg,,CC BY-SA 4.0,Sarusscape,,2026-10-04,,,,e742f2b5658c9c208192f7651ac7a725f0a55014dfab589a4c9e38fa09464dc5,rejected,"final QA: raptors over carcass dump in India, subject is birds not waste"
,,,,"https://commons.wikimedia.org/wiki/File:Garbage_bin_in_Egypt_section_of_Busch_Gardens,_Tampa,_Florida,_US,_on_29_June_2026_(01).jpg",,CC0,MatthewHoobin,,2026-10-04,,,,51521436080b58d7368caecefa142144f330c6f5207f36e63ff45bb4c28fed0a,rejected,not a waste image / wrong subject
,,trash,,"https://commons.wikimedia.org/wiki/File:Garbage_bin_in_Egypt_section_of_Busch_Gardens,_Tampa,_Florida,_US,_on_29_June_2026_(02).jpg",,CC0,MatthewHoobin,,2026-10-04,,,,01c1742ab711bbd2ed460b70a1de77b9ab9c964a45d19f80a5ced812a3bce6f2,rejected,"final QA: themed bin in Egypt section of US theme park (Tampa), not Egypt and not waste"
,,trash,,https://commons.wikimedia.org/wiki/File:Garbage_dump_at_Tahrir_barricades.jpg,,CC BY-SA 3.0,Sherif9282,,2026-10-04,,,,5419caed1d9a0dfd28b6b167327b71a87475e1ae6b839e419c2805b6b6feb9a1,rejected,manual review: multiple crowd faces visible in square scene
,,trash,,https://commons.wikimedia.org/wiki/File:Garbage_removal_in_Tahrir.jpg,,CC BY-SA 3.0,Sherif9282,,2026-10-04,,,,4e2ccd45459c9caf1ae1e28a3208e0e02d943c29109fa2c6ba8079a8a53293d3,rejected,manual review: multiple partially recognizable faces in street collection crowd
,,plastic,,https://commons.wikimedia.org/wiki/File:Protester_with_garbage_bag.jpg,,CC BY-SA 3.0,Sherif9282,,2026-10-04,,,,9497a3d2ea7047f2cbaf500407d109f222a8daacce5d332bfea6f7b05f258aa0,rejected,clearly recognizable face looking at camera
,,,,https://commons.wikimedia.org/wiki/File:Dagger_handle_(with_22.3.75a)_MET_22.3.75B.jpeg,,CC0,Pharos,,2026-10-04,,,,d909c3218498ec0b3eeb1a940767e2d373276842d1c1f4e53aea951aac0c79d7,rejected,not a waste image / wrong subject
,,,,https://commons.wikimedia.org/wiki/File:Dagger_handle_(with_22.3.75b)_MET_22.3.75A.jpeg,,CC0,Pharos,,2026-10-04,,,,ae707e41ab85a000f732bdfc3af3f54c981be92700863a1e8327cf9a5758234c,rejected,not a waste image / wrong subject
,,,,https://commons.wikimedia.org/wiki/File:Dagger_handle_(with_22.3.75b)_MET_DP115766.jpg,,CC0,Pharos,,2026-10-04,,,,874896dfc65e9705cdefac42ff350402bbedb9bc711897940751482592d11f78,rejected,not a waste image / wrong subject
,,,,"https://commons.wikimedia.org/wiki/File:14th_century_bottle_from_Egypt_or_Syria,_glass_and_enamel,_HAA.JPG",,CC0,Hiart,,2026-10-04,,,,c31b8fa73e5052e6bb4ffb7d25fbcaf10777410ee19e3eed1e10f8ae7897bb98,rejected,not a waste image / wrong subject
,,glass,,https://commons.wikimedia.org/wiki/File:Ancient_Egypt_Glass_Bottles_(27753643973).jpg,,CC0,"Gary Todd from Xinzheng, China",,2026-10-04,,,,eebd53ae19091b804f578fd53ed197981c9ebbf78256dcd85a5e59c610a16c0b,rejected,"final QA: museum display of ancient glass artifacts (Louvre), not waste"
,,,,https://commons.wikimedia.org/wiki/File:Ancient_Egypt_Glass_Bottles_(27753660193).jpg,,CC0,"Gary Todd from Xinzheng, China",,2026-10-04,,,,9101714178817cc0dff4000b45e373bd0f2a942b8c4f363326b64eaf514560e2,rejected,not a waste image / wrong subject
,,glass,,https://commons.wikimedia.org/wiki/File:Ancient_Egyptian_glass_bottle_Penn_Museum.jpg,,CC BY-SA 4.0,Mary Harrsch,,2026-10-04,,,,a4a4e4b5d9bf52da6254b37ceb4bf59b1a3112f1372767a03dd040468e0ec0d2,rejected,"final QA: museum artifact photo (Penn Museum), not waste"
,,glass,,https://commons.wikimedia.org/wiki/File:British_Museum_Roman_Empire_18022019_Glass_bottle_from_Egypt_5846.jpg,,CC0,Vassil,,2026-10-04,,,,de4f2e1025242144408fa49270b38b9e336960b462e7eb92b195a6712b327fcc,rejected,"final QA: museum artifact photo (British Museum), not waste"
,,,,"https://commons.wikimedia.org/wiki/File:Transparent_glass_unguent_bottle,_glass_-_Museo_Egizio_Turin_C_3381_p01.jpg",,CC0,Marco Chemello (WMIT),,2026-10-04,,,,578ba698fc98559fd90a362e79eb7a30a996073f559fc0d97868ea19f570caf8,rejected,not a waste image / wrong subject
,,,,"https://commons.wikimedia.org/wiki/File:Transparent_glass_unguent_bottle,_glass_-_Museo_Egizio_Turin_C_3381_p02.jpg",,CC0,Marco Chemello (WMIT),,2026-10-04,,,,b9d04fef373b41505f6c4dcf20a86e3cf30dd91871d19df117988bcc53f4c047,rejected,not a waste image / wrong subject
,,glass,,"https://commons.wikimedia.org/wiki/File:Transparent_glass_unguent_bottle,_glass_-_Museo_Egizio_Turin_C_3383_p01.jpg",,CC0,Marco Chemello (WMIT),,2026-10-04,,,,813e59e01de13c230411fb7df2ed4604793896c41f54505c2be4b73729db946f,rejected,"manual review: museum artifact photo, not waste"
,,,,"https://commons.wikimedia.org/wiki/File:Transparent_glass_unguent_bottle,_glass_-_Museo_Egizio_Turin_C_3383_p02.jpg",,CC0,Marco Chemello (WMIT),,2026-10-04,,,,d8f848a5a21db24e3116cec17c12034cc7927522a4556734a59129d1a9a15263,rejected,not a waste image / wrong subject
,,glass,,"https://commons.wikimedia.org/wiki/File:Transparent_glass_unguent_bottle,_glass_-_Museo_Egizio_Turin_C_3383_p03.jpg",,CC0,Marco Chemello (WMIT),,2026-10-04,,,,fc3a829cf4dfdcfcd3864045206c573d84e3337f87aea72a889bedd1e1ae5539,rejected,"manual review: museum artifact photo with calibration chart, not waste"
,,,,"https://commons.wikimedia.org/wiki/File:Transparent_glass_unguent_bottle,_glass_-_Museo_Egizio_Turin_C_3387_p01.jpg",,CC0,Marco Chemello (WMIT),,2026-10-04,,,,ef29700d4cee026c905c87e3621ea476675553b590cfd6c0b1958dbc6e21332c,rejected,not a waste image / wrong subject
,,glass,,https://commons.wikimedia.org/wiki/File:BEER_BOTTLES_ARE_FED_INTO_BOTTLE_CRUSHER._PART_OF_A_NEW_AND_MORE_EFFECTIVE_GLASS_RECYCLING_PROCESS_FOR_COORS_BREWERY..._-_NARA_-_543694.jpg,,Public domain,Bill Gillette,,2026-10-04,,,,218dfcb35670b182244837168e861ff3b2e6543e5cad4d961836cbffed5c3f66,rejected,severe motion blur on main subject
,,,,https://commons.wikimedia.org/wiki/File:Recycling-Behälter.jpg,,CC0,Dafadllyn,,2026-10-04,,,,a62193ce47121fd21a157ad4fe7282153572f75545760caa30405c27ba484c42,rejected,not a waste image / wrong subject
,,,,https://commons.wikimedia.org/wiki/File:Glass_bottle_recycling_conveyer.jpg,,CC BY 4.0,Pru.mitchell,,2026-10-04,,,,e93d071ea9e2ed42c5d4e41e036a4d741fb38bce6f1072496d2af97604c731f4,rejected,not a waste image / wrong subject
,,trash,,https://commons.wikimedia.org/wiki/File:Tri_des_déchets_(cropped).jpg,,CC BY-SA 3.0,Ludovic Péron,,2026-10-04,,,,ef8eaa29ebd732eff68aa191d684339846cf4ca316c502802546633ade92c0c7,rejected,"final contact-sheet QA: empty recycling container row, no waste"
,,glass,,https://commons.wikimedia.org/wiki/File:Glass_bottles_are_inserted_into_the_toilet_wall_(5567264651).jpg,,CC BY 2.0,SuSanA Secretariat,,2026-10-04,,,,35f061535b48a5939f24ec5af4e11f4e01217d0b80e23c71237ba66e231876bc,rejected,recognizable child's face visible
,,glass,,"https://commons.wikimedia.org/wiki/File:Diephuisstraat_glass_container,_Schiebroek,_Rotterdam_(2020)_01.jpg",,CC BY-SA 4.0,Donald Trung Quoc Don (Chữ Hán: 徵國單) - Wikimedia Commons - © CC BY-SA 4.0 International . ( Want to use this image? ) Original publication 📤: -- Donald Trung 『徵國單』 ( No Fake News 💬 ) ( WikiProject Num,,2026-10-04,,,,7086700ce48cbe16583c53217df08ab5633a6a0d667d839d26e905e1d6681af1,rejected,"final contact-sheet QA: empty glass container, no waste material"
,,,,https://commons.wikimedia.org/wiki/File:A_jar_of_enokitake_(10843372045).jpg,,CC BY 2.0,Wendell Smith,,2026-10-04,,,,e9592707a2943b1c8d7a92e1d14976bfdff6351947b808814f3f922aca87b518,rejected,not a waste image / wrong subject
,,glass,,https://commons.wikimedia.org/wiki/File:Bottle_bank_in_Greece.jpg,,CC BY-SA 4.0,Annatsach,,2026-10-04,,,,8a1a0c972283572f1fce0405eaf35fef193a8b03214eb42f5af38a301be265fd,rejected,"final contact-sheet QA: empty glass container, no waste material"
,,glass,,"https://commons.wikimedia.org/wiki/File:Wapitistraat_glass_container,_Kralingseveer,_Rotterdam_(2023)_02.jpg",,CC BY-SA 4.0,Donald Trung Quoc Don (Chữ Hán: 徵國單) - Wikimedia Commons - © CC BY-SA 4.0 International . ( Want to use this image? ) Original publication 📤: -- Donald Trung 『徵國單』 ( No Fake News 💬 ) ( WikiProject Num,,2026-10-04,,,,c41703f67975b56e7bbf8781e13104ae12582a5b6de17dc14216a67582c1d418,rejected,"final contact-sheet QA: empty glass container, no waste material"
,,glass,,https://commons.wikimedia.org/wiki/File:Bottle_banks_and_clothing_collection_point_Hartmannsdorf_bei_Eisenberg.jpg,,CC BY-SA 4.0,Steffen Mokosch,,2026-10-04,,,,36d047a5004179f8066ef022e0a680d80eeb4e62035ba008b9fcb84e1bb732d9,rejected,"final contact-sheet QA: empty glass containers, no waste material"
,,,,https://commons.wikimedia.org/wiki/File:Empty_Clear_Jar_(51330638811).jpg,,CC0,Alabama Extension,,2026-10-04,,,,5b9fb5ba938c5d4482361c20a18a65a1b25ef84373e21261bd1dddd393313111,rejected,not a waste image / wrong subject
,,,,https://commons.wikimedia.org/wiki/File:Glass-recycling.jpg,,Public domain,Gengiskanhg,,2026-10-04,,,,10a2234129b3e0b93f34115548efc5350a61a7b454ff4acff88e27d058949cc4,rejected,not a waste image / wrong subject
,,,,"https://commons.wikimedia.org/wiki/File:Glass_jars,_Novosibirsk_02.jpg",,CC BY-SA 4.0,К.Артём.1,,2026-10-04,,,,8cd6bfade2f5b8ac9d380d6a11526c36c4c520c4855bf1027485fd3d9fcf2d4f,rejected,not a waste image / wrong subject
,,,,https://commons.wikimedia.org/wiki/File:Glass_recycling_bins.jpg,,CC0,Digitura,,2026-10-04,,,,b0ddd937e80a14a52bcb13a07021c38d322347402d94daccf7dfccd3cac2e718,rejected,not a waste image / wrong subject
,,glass,,"https://commons.wikimedia.org/wiki/File:Glass_bottles_next_to_glass_recycling_containers,_Hillegersberg,_Rotterdam_(2021)_02.jpg",,CC BY-SA 4.0,Donald Trung Quoc Don (Chữ Hán: 徵國單) - Wikimedia Commons - © CC BY-SA 4.0 International . ( Want to use this image? ) Original publication 📤: -- Donald Trung 『徵國單』 ( No Fake News 💬 ) ( WikiProject Num,,2026-10-04,,,,3f768bc9e91b529b777a764d7d8e2f4d4e10908217cdf39566b66286fd747a07,rejected,manual review: duplicate angle of same scene as glass_039
,,glass,,"https://commons.wikimedia.org/wiki/File:A_man_caring_used_plastic_bottle_,ready_to_sell_to_recycling_company.jpg",,CC BY-SA 4.0,KelvinJM,,2026-10-04,,,,bdfa57e0b2a16f63c7eef6ee7ad00285eddeaca71d2cb652a9f6ebdd720971d4,rejected,round-5 review: vehicle license plates visible and readable
,,glass,,https://commons.wikimedia.org/wiki/File:BOTTLE_WINDOW_IN_THE_ENTRANCEWAY_TO_AN_EXPERIMENTAL_HOME_BUILT_WITH_EMPTY_STEEL_BEER_AND_SOFT_DRINK_CANS_NEAR_TAOS..._-_NARA_-_556632.jpg,,Public domain,David Hiser,,2026-10-04,,,,561b256e5025f1016a311d52b97c793d0fca3da0e3258625a0302ade7da642dc,rejected,"round-5 review: bottle-wall window structure, not waste"
,,glass,,https://commons.wikimedia.org/wiki/File:18_Glass_recycling_in_Europe_-_laminated_car_glass_sorting_before_recycling_-_Creative_Commons_Attribution.jpg,,CC BY 3.0,Marek Ślusarczyk ( Tupungato ) Photo portfolio,,2026-10-04,,,,12810c8e8a723a228afa605d6cbe8592dc9bbe8181dc77d69f171aff0f131f57,rejected,round-5 review: same crushed-glass scene as already accepted image (cross-pool duplicate)
,,glass,,https://commons.wikimedia.org/wiki/File:Bales_of_PET_bottles_3.jpg,,CC BY 3.0,Michal Maňas,,2026-10-04,,,,35ea4c96f714be16596b57de9b1329d9905004ffb36801506a08777095681412,rejected,round-5 review: another angle of the already-accepted PET bales series
,,glass,,https://commons.wikimedia.org/wiki/File:Crates_of_empty_Coke_bottles_waiting_on_sidewalk_for_collection_(18810884241).jpg,,CC BY 2.0,Eric Fischer,,2026-10-04,,,,9f67fe31c230a137123bcba52f2031e4cb7d11bd997302f544ef996412a21d67,rejected,round-5 review: two women with recognizable faces beside bottle crates
,,glass,,https://commons.wikimedia.org/wiki/File:Building_with_recycled_plastic_bottles.jpg,,CC BY-SA 4.0,Obiok,,2026-10-04,,,,73a3091ee0583004faf6b5482143e4bd02a49421a025a9144ba06385ca062578,rejected,"round-5 review: bottle-wall construction site with workers, faces visible"
,,glass,,https://commons.wikimedia.org/wiki/File:Empty_Liquor_Bottle_-_NARA_-_5146571_(page_1).jpg,,Public domain,Unknown author Unknown author or not provided,,2026-10-04,,,,e131c15441a580d6e9e0a732d336e46a1a8d593237ee793c76c6d47446b998b8,rejected,"round-5 review: antique bourbon bottle product photo, not waste"
,,glass,,https://commons.wikimedia.org/wiki/File:Empty_Liquor_Bottle_-_NARA_-_5146571_(page_2).jpg,,Public domain,Unknown author Unknown author or not provided,,2026-10-04,,,,f0eaefa500beb50d6b64302ef6158372843426eda783d09d71bd14633b22ebe4,rejected,"round-5 review: reverse side of same antique bottle, not waste"
,,glass,,https://commons.wikimedia.org/wiki/File:770ml_Coca-Cola_Glass_Bottles_in_Taiwan.jpg,,CC BY 2.0,cliffchen1973,,2026-10-04,,,,3d6d00703ba1166daabe3256a22c9af9774ffb531ec21fc88ddea4dfe3d7408f,rejected,"round-6 review: filtered product display of vintage bottles, not waste"
,,glass,,https://commons.wikimedia.org/wiki/File:E8085-Bishkek-glass-bottle-collection-point.jpg,,CC BY-SA 4.0,Vmenkov,,2026-10-04,,,,81e13b1dadd4933b9ca7bf8c791a1bd6c07c33c358366cbd61b826f87d2f5220,rejected,round-6 review: vehicle license plate visible at collection point
,,glass,,https://commons.wikimedia.org/wiki/File:Bicentennial_Bottle.jpg,,Public domain,Bdcousineau,,2026-10-04,,,,1773f1e595671393a54180d57ef34683630ff669faccf0cb6c23e0a4e79a2edf,rejected,"round-6 review: collectible bottle in display case, not waste"
,,glass,,https://commons.wikimedia.org/wiki/File:Glas_aus_Aufbereitungsanlage_blau_-_glass_cullet_blue_flash_(Alter_Fritz).JPG,,CC BY-SA 3.0,Alter Fritz,,2026-10-04,,,,2a3881dbc484e4b03573f778e5165b4e066fa7d3d757b625287e93eca5d15559,rejected,round-6 review: flash duplicate of the already-accepted cullet photo
,,glass,,https://commons.wikimedia.org/wiki/File:German_plastic_bottle_with_sign_.jpg,,CC BY-SA 4.0,MalteFilmFan,,2026-10-04,,,,cd9425ea7e053250727bdb22a52b5111c267cda9a51604b9611f62196c3ea9de,rejected,"round-6 review: plastic bottle barcode closeup, wrong subject"
,,glass,,"https://commons.wikimedia.org/wiki/File:Empty_bottle_for_Ritalin_tablets,_England,_1954-1970_Wellcome_L0058213.jpg",,CC BY 4.0,Fæ,,2026-10-04,,,,aed8d68a363c725d75846c33c4eb77e3b68a06e225c951832c8c2b95e61b3231,rejected,"round-6 review: museum pharmacy jar, not waste"
,,glass,,https://commons.wikimedia.org/wiki/File:Broken_glass_bottles_hazardous_waste_in_dispersed_quantities_ecotoxicological_question_01.JPG,,CC BY-SA 4.0,Lamiot,,2026-10-04,,,,2cd2c80846aab2a0733c9095695df72622de5dab64bbd061ee4f94c7779adbef,rejected,round-7 review: duplicate angle of the accepted broken-glass series
,,glass,,https://commons.wikimedia.org/wiki/File:Recycled_Glass_Beads.jpg,,CC BY-SA 4.0,MohammedT10,,2026-10-04,,,,f9d6ba3487955ddecfb3999061691b62ab5d53ae71d9f5fa5c3a01c8c8bb03e6,rejected,"round-7 review: finished glass beads product, not waste"
,,glass,,https://commons.wikimedia.org/wiki/File:THE_INTERIOR_OF_THE_2500_DEGREE_F._FURNACE_WHERE_CRUSHED_BOTTLES_ARE_MADE_INTO_MOLTEN_GLASS._PART_OF_A_NEW_GLASS..._-_NARA_-_543707.jpg,,Public domain,Bill Gillette,,2026-10-04,,,,76469a2688a78b73264d162f1ce856a61c644e499e4a319375773bd30979f574,rejected,"round-7 review: furnace interior, no waste material"
,,glass,,https://commons.wikimedia.org/wiki/File:Broken_glass_bottles_hazardous_waste_in_dispersed_quantities_ecotoxicological_question_03.JPG,,CC BY-SA 4.0,Lamiot,,2026-10-04,,,,87cb33e6f1e382416eb388b5f696d1dfd55f9f72d11432a0b6805cd9614020f9,rejected,round-7 review: duplicate angle of the accepted broken-glass series
,,glass,,https://commons.wikimedia.org/wiki/File:Broken_glass_bottles_hazardous_waste_in_dispersed_quantities_ecotoxicological_question_04.JPG,,CC BY-SA 4.0,Lamiot,,2026-10-04,,,,212259a115bfcbd41fdad769e705234374e6f1c427ed733d68aa8b0c321894b5,rejected,round-7 review: duplicate angle of the accepted broken-glass series
,,glass,,https://commons.wikimedia.org/wiki/File:Glas_aus_Aufbereitungsanlage_braun_-_glass_cullet_amber_(Alter_Fritz).JPG,,CC BY-SA 3.0,Alter Fritz,,2026-10-04,,,,dcaee19affc84f5f53e8dd19eba01deee33f248abae869e7e907d3a7570d34c2,rejected,round-7 review: amber cullet from the same series as the accepted blue cullet
,,glass,,https://commons.wikimedia.org/wiki/File:Green_bottle_cap.jpg,,CC0,XCNXMONSTERTRUCK20,,2026-10-04,,,,37c1dd23ccdbe4b65c835977647c3d901a4afc92385c34a58a69c62ac185fcaf,rejected,"round-7 review: single bottle cap, wrong subject"
,,glass,,https://commons.wikimedia.org/wiki/File:Empty_bottle_for_aromatic_chalk_powder_with_opium.jpeg,,CC BY-SA 4.0,Science Museum Group Studio,,2026-10-04,,,,d5bf0c16951f5b15d9c59cd48961079ea4ce96a01827240a82b7e15fc0bea074,rejected,"round-7 review: antique pharmacy bottle, not waste"
,,metal,,https://commons.wikimedia.org/wiki/File:MV_NAOMH_ÉANNA_IS_AN_ABANDONED_DECOMMISSIONED_FERRY_-I_SUSPECT_THAT_THERE_IS_NO_POSSIBILITY_OF_SAVING_IT--218012_(52930917008).jpg,,CC BY-SA 2.0,"William Murphy from Dublin, Ireland",,2026-10-04,,,,32de4b42a11071305985438ad43fbc829ce4321aef3286da12a9aa9d64749575,rejected,"final contact-sheet QA: lake landscape, no metal waste"
,,metal,,https://commons.wikimedia.org/wiki/File:The_British_Army_in_North_Africa_1943_E26958.jpg,,Public domain,"Ashwood Terry, No 1 Army Film & Photographic Unit",,2026-10-04,,,,80b51c62d0b7b4d1d841433303e969f0d26658bac0cd00cf9230cc048d2dfffe,rejected,"final QA: 1943 archival war photograph of tank wreckage, not consumer metal waste"
,,metal,,https://commons.wikimedia.org/wiki/File:ورش_و_انشطة_و_محلات_بالدرب_الاحمر_03.jpg,,Public domain,Sherif Alyamany,,2026-10-04,,,,1ceb974b088142385388445bcd2ae7198af3d5af772b4175010a839f1e720473,rejected,manual review: recognizable face of person at shop front
,,,,https://commons.wikimedia.org/wiki/File:A_“New_Delta”_in_the_Desert_(153752_-_20181128_lrg).jpg,,Public domain,"NASA Earth Observatory images by Lauren Dauphin, using Landsat data from the U.S. Geological Survey. Story by Adam Voiland.",,2026-10-04,,,,8c17252f7e76738c5239f4065b5ed2c8b2985139d1ba90a5c2e5e72b27a8ea75,rejected,not a waste image / wrong subject
,,,,https://commons.wikimedia.org/wiki/File:A_“New_Delta”_in_the_Desert_(153752_-_2_20241120_lrg).jpg,,Public domain,"NASA Earth Observatory images by Lauren Dauphin, using Landsat data from the U.S. Geological Survey. Story by Adam Voiland.",,2026-10-04,,,,f362b6f22afe91cd2f944064187c965bddc43b21f0a9b9deb0d1df9b2eea0f4b,rejected,not a waste image / wrong subject
,,,,https://commons.wikimedia.org/wiki/File:Clevelandart_1987.1.jpg,,CC0,Madreiling,,2026-10-04,,,,fcaa8071f2382d312c98a587d99fdbf083cb1f5168c5d42a1c0129127ac45889,rejected,not a waste image / wrong subject
,,,,"https://commons.wikimedia.org/wiki/File:Pepino_de_mar_(Thelenota_ananas),_mar_Rojo,_Egipto,_2023-04-17,_DD_61.jpg",,CC BY-SA 4.0,Diego Delso,,2026-10-04,,,,3a5e62beddddbcb025f84ad6c93766de9d8e7d487cc15fa2e448ad32ad8fcafd,rejected,not a waste image / wrong subject
,,,,https://commons.wikimedia.org/wiki/File:Silver_Boat_of_Queen_Ahhotep_II.jpg,,CC0,Zeinab Mohamed,,2026-10-04,,,,ec6eecd0ea34e5331ce5638e66d0ac8efc048da0a69a158031b08b109954b7fe,rejected,not a waste image / wrong subject
,,metal,,https://commons.wikimedia.org/wiki/File:CH-54_flies_over_scrap_metal_pile_at_the_Da_Nang_Property_Disposal_Operation.jpg,,Public domain,PFC George B. Gibbons,,2026-10-04,,,,cacff392745b913e636c6e96008a949376d0de3e7a29bdc8883a98ee7c77e4e5,rejected,"final contact-sheet QA: archival military scrap-yard scene, not consumer metal waste"
,,,,https://commons.wikimedia.org/wiki/File:A_Post_Medieval_ceramic_handle_from_a_tin-glazed_earthenware_(delftware)_urn_dating_to_the_first_half_18th_century._(FindID_867992).jpg,,CC BY 2.0,"The Portable Antiquities Scheme, Stuart Wyatt, 2017-10-09 10:58:03",,2026-10-04,,,,ec073c7e4f6399e131ac10b22acd9ef5c361410bb09da425dc99dd41fd06f84e,rejected,not a waste image / wrong subject
,,metal,,"https://commons.wikimedia.org/wiki/File:Hungry_for_scrap,_66003_winds_a_train_of_empty_box_wagons_around_a_large_pile_of_processed_metal._-_panoramio.jpg",,CC BY 3.0,Roger Carvell,,2026-10-04,,,,09c501305de6a692766fb46750a8a3893d253952220f38c3363db02fca742595,rejected,"final contact-sheet QA: railway scene, no metal waste"
,,metal,,"https://commons.wikimedia.org/wiki/File:Babacar_Niang,_artisan_du_recyclage_à_Mbour.jpg",,CC BY-SA 4.0,M.GADJ!,,2026-10-04,,,,4f39f28e5720e1578b2d5b9e9f5e221888693d401c13cd0f5aedea878cc2eb28,rejected,"final contact-sheet QA: discarded toys are the subject, not metal waste"
,,,,https://commons.wikimedia.org/wiki/File:Brooklyn_Bridge_Park_td_(2019-08-23)_035_-_Pier_1.jpg,,CC BY-SA 4.0,Tdorante10,,2026-10-04,,,,68e41899091f48cc198cbbe4f54302c2c72f97970986ee1cda1bee62e6c794fa,rejected,not a waste image / wrong subject
,,,,https://commons.wikimedia.org/wiki/File:Brooklyn_Bridge_Park_td_(2026-01-18)_013_-_Pier_1.jpg,,CC BY-SA 4.0,Tdorante10,,2026-10-04,,,,c96c4bbad667b3ac6365e7453696b3610c7b94af86ccafb7f4217d459e72baaf,rejected,not a waste image / wrong subject
,,metal,,https://commons.wikimedia.org/wiki/File:CASTING_WASTE_(FindID_433662).jpg,,CC BY-SA 2.0,"Kent County Council, Jessica Bryan, 2011-03-16 11:09:04",,2026-10-04,,,,404886efb5d49a9f831065025851ef748e887dac81ee7b3770ddcf33169ce88d,rejected,"final contact-sheet QA: geological specimens with calibration scale, not waste"
,,metal,,"https://commons.wikimedia.org/wiki/File:Casting_waste,_Casting_jet_or_well_2_(FindID_971085-1072993).jpg",,CC BY 2.0,"Birmingham Museums Trust, Teresa Gilmore, 2019-09-17 10:04:56",,2026-10-04,,,,17713575796e4f6cb037a49852e523b3ae38f81b3fa623d58e599be6ad2bad3c,rejected,"final contact-sheet QA: geological specimens with calibration scale, not waste"
,,metal,,https://commons.wikimedia.org/wiki/File:A_selection_of_aluminium_pots_and_kettles_are_put_into_the_smelter_at_a_workshop_somewhere_in_Britain_during_a_salvage_drive_in_1940._D734.jpg,,Public domain,Ministry of Information Photo Division Photographer,,2026-10-04,,,,e31adaeecdf8b006c4da6c56a8cc26437352f668b4990bff1c3e1e264ec81deb,rejected,round-5 review: two workers with clear faces in archival salvage scene
,,metal,,https://commons.wikimedia.org/wiki/File:Dotonbori_Trash_Cans_Box.jpg,,CC0,Mr.ちゅらさん,,2026-10-04,,,,07a5c40d670442149590bfe098ab2dd3d19e667594e442ca9a5caef9d123496d,rejected,round-5 review: camera timestamp overlay plus partially visible faces
,,metal,,https://commons.wikimedia.org/wiki/File:Green_waste_can_OC_Fairground.jpg,,CC BY-SA 4.0,Eric Polk,,2026-10-04,,,,451d821e6b3e39eca486eba42d4dc1e975d39627a5738152ae9b5bfd7d5e0240,rejected,"round-5 review: empty food-waste container, no waste"
,,metal,,https://commons.wikimedia.org/wiki/File:Proper_waste_Management_can.jpg,,CC BY-SA 4.0,Adewuyi Israel,,2026-10-04,,,,8e9631683a5dc3b861832a762ca8182364ed148948945a6fda8a52783ba8205b,rejected,"round-5 review: empty bin row, no waste material"
,,metal,,https://commons.wikimedia.org/wiki/File:Dublin_Gulch_can_pile_2.jpg,,CC BY-SA 4.0,Eric Polk,,2026-10-04,,,,6dc239b3e34dceddb1dd4673042eec26b09658063bcb389ce6c4669da2b2b654,rejected,round-5 review: another angle of the same can pile as metal_038
,,paper,,"https://commons.wikimedia.org/wiki/File:Letter_signed_Sara,_Charleston,_S.C.,_to_Ernst,_New_York,_February_24,_1926_-_DPLA_-_5388dc89f9ed0ad0c99926dbfaa1e54d_(page_1).jpg",,Public domain,"Teasdale, Sara, 1884-1933",,2026-10-04,,,,7ab6aba58871000df6cd5880e98398e21c3fe8a25764002e4982091dc10a2e20,rejected,"manual review: personal letter scan, not waste"
,,paper,,"https://commons.wikimedia.org/wiki/File:Letter_signed_Sara,_Charleston,_S.C.,_to_Ernst,_New_York,_February_24,_1926_-_DPLA_-_5388dc89f9ed0ad0c99926dbfaa1e54d_(page_10).jpg",,Public domain,"Teasdale, Sara, 1884-1933",,2026-10-04,,,,53f5fa90125aa723dfd0c6a93d211a25c3a8d40c25188ff3e29ef74cd238dee4,rejected,legible personal names in letter text
,,paper,,"https://commons.wikimedia.org/wiki/File:Letter_signed_Sara,_Charleston,_S.C.,_to_Ernst,_New_York,_February_24,_1926_-_DPLA_-_5388dc89f9ed0ad0c99926dbfaa1e54d_(page_11).jpg",,Public domain,"Teasdale, Sara, 1884-1933",,2026-10-04,,,,512f2f33377e88881b48dcfc7ecba318afbd2613d8e3e63a71ac347b5f653ae2,rejected,"final contact-sheet QA: personal hotel letter scan, not waste"
,,paper,,"https://commons.wikimedia.org/wiki/File:Letter_signed_Sara,_Charleston,_S.C.,_to_Ernst,_New_York,_February_24,_1926_-_DPLA_-_5388dc89f9ed0ad0c99926dbfaa1e54d_(page_12).jpg",,Public domain,"Teasdale, Sara, 1884-1933",,2026-10-04,,,,5b8d49b647cc72ad490d5fe5d64bc8c71337c649d6749e6b7017b87907747fa4,rejected,"manual review: personal letter scan, not waste"
,,paper,,"https://commons.wikimedia.org/wiki/File:Letter_signed_Sara,_Charleston,_S.C.,_to_Ernst,_New_York,_February_24,_1926_-_DPLA_-_5388dc89f9ed0ad0c99926dbfaa1e54d_(page_13).jpg",,Public domain,"Teasdale, Sara, 1884-1933",,2026-10-04,,,,c7023fc239209228f686eee41a11a36ae32354c237b6d335c1ec47694196b5e8,rejected,"manual review: personal letter scan, not waste"
,,paper,,"https://commons.wikimedia.org/wiki/File:Letter_signed_Sara,_Charleston,_S.C.,_to_Ernst,_New_York,_February_24,_1926_-_DPLA_-_5388dc89f9ed0ad0c99926dbfaa1e54d_(page_14).jpg",,Public domain,"Teasdale, Sara, 1884-1933",,2026-10-04,,,,32721d5e4932fa90214c2044edc053d3100c6f5b053d8898ffc0087ff6dda2a7,rejected,legible recipient name and street address
,,paper,,"https://commons.wikimedia.org/wiki/File:Letter_signed_Sara,_Charleston,_S.C.,_to_Ernst,_New_York,_February_24,_1926_-_DPLA_-_5388dc89f9ed0ad0c99926dbfaa1e54d_(page_15).jpg",,Public domain,"Teasdale, Sara, 1884-1933",,2026-10-04,,,,db42d6c4d395062e079e6ad1be6d400586b369ed3529385cae7a090b53c019fc,rejected,"manual review: vintage envelope scan, not waste"
,,paper,,"https://commons.wikimedia.org/wiki/File:Letter_signed_Sara,_Charleston,_S.C.,_to_Ernst,_New_York,_February_24,_1926_-_DPLA_-_5388dc89f9ed0ad0c99926dbfaa1e54d_(page_2).jpg",,Public domain,"Teasdale, Sara, 1884-1933",,2026-10-04,,,,9c5673869431069e083442bbb23e56f989528dcb2d36a7ac31788772ec9f598f,rejected,"manual review: personal letter scan, not waste"
,,paper,,"https://commons.wikimedia.org/wiki/File:Letter_signed_Sara,_Charleston,_S.C.,_to_Ernst,_New_York,_February_24,_1926_-_DPLA_-_5388dc89f9ed0ad0c99926dbfaa1e54d_(page_3).jpg",,Public domain,"Teasdale, Sara, 1884-1933",,2026-10-04,,,,efaf4df336c4e13a097feed53b8de741baa115b4e94dc575a3ee8e767216bc36,rejected,"manual review: personal letter scan, not waste"
,,paper,,"https://commons.wikimedia.org/wiki/File:Letter_signed_Sara,_Charleston,_S.C.,_to_Ernst,_New_York,_February_24,_1926_-_DPLA_-_5388dc89f9ed0ad0c99926dbfaa1e54d_(page_4).jpg",,Public domain,"Teasdale, Sara, 1884-1933",,2026-10-04,,,,77b77de327430d3407a123f923d905ac6ee1c5fcf4f478e3a05d273b4d48852a,rejected,"manual review: personal letter scan, not waste"
,,paper,,"https://commons.wikimedia.org/wiki/File:Letter_signed_Sara,_Charleston,_S.C.,_to_Ernst,_New_York,_February_24,_1926_-_DPLA_-_5388dc89f9ed0ad0c99926dbfaa1e54d_(page_5).jpg",,Public domain,"Teasdale, Sara, 1884-1933",,2026-10-04,,,,013091dbc0c668befd8ab2a4b7dade34391520b7531c194d4d907aa0de4e7ab9,rejected,"final contact-sheet QA: personal hotel letter scan, not waste"
,,paper,,"https://commons.wikimedia.org/wiki/File:Letter_signed_Sara,_Charleston,_S.C.,_to_Ernst,_New_York,_February_24,_1926_-_DPLA_-_5388dc89f9ed0ad0c99926dbfaa1e54d_(page_6).jpg",,Public domain,"Teasdale, Sara, 1884-1933",,2026-10-04,,,,ba7a83506506ce9c88add1a5cf8cb06990d78f11dd673c86f36372e88c717cc8,rejected,"final contact-sheet QA: personal letter scan, not waste"
,,paper,,"https://commons.wikimedia.org/wiki/File:Letter_signed_Sara,_Charleston,_S.C.,_to_Ernst,_New_York,_February_24,_1926_-_DPLA_-_5388dc89f9ed0ad0c99926dbfaa1e54d_(page_8).jpg",,Public domain,"Teasdale, Sara, 1884-1933",,2026-10-04,,,,2ef9054067881780ee400146907b11da5cbebec5cfcef90c6fb15b02cf83db40,rejected,legible personal name in letter text
,,,,https://commons.wikimedia.org/wiki/File:Multi-Level-Stack-Parking-in-NYC.jpg,,CC0,Rajesh Natraj,,2026-10-04,,,,5911c45fd97f342f4920fc5b3495cfcb56450fe8449c979715f1563f69b33256,rejected,not a waste image / wrong subject
,,paper,,https://commons.wikimedia.org/wiki/File:Wetland_History_Research_Paper_-_DPLA_-_588a00bebde880221a3b28cf955e5433.jpg,,CC BY 4.0,"Kucich, Alex; Dewyngaert, Scarlett; Owens, Meghan",,2026-10-04,,,,8f6a88b0add9ba3bed06329862f17f8c9bd3f2f0307986ca79d3a429a5e452d3,rejected,"manual review: student paper document with printed names, not waste"
,,,,https://commons.wikimedia.org/wiki/File:Ritter_Furnace_near_Vintondale_Cambria_County_Pennsylvania.png,,Public domain,Henry Wilson Storey,,2026-10-04,,,,8dc101a9e643181ae0d023e0ad5ed2090818fef6d95739a11115149c1a226188,rejected,not a waste image / wrong subject
,,,,"https://commons.wikimedia.org/wiki/File:A_group_of_Lithuanian_newspaper_Vilniaus_Žinios_editorial_and_printing_house_staff_at_the_ruins_of_Gediminas'_Castle_in_Vilnius,_Lithuania,_1905.jpg",,Public domain,Unknown author Unknown author,,2026-10-04,,,,78998fa8a315d62ac7eabf88ec0aa9271b93c26ec6282e59ccf8894b35b52464,rejected,not a waste image / wrong subject
,,paper,,https://commons.wikimedia.org/wiki/File:Cartons_and_Paper_Containers_with_metal_ends_recycling_bin.jpg,,CC0,Andy Li,,2026-10-04,,,,3a1c39e9c01278cad02516d401d7ca21c6272d248ced523912f9a294898bf88d,rejected,"manual review: closed recycling bin with printed phone on sign, not waste material"
,,paper,,https://commons.wikimedia.org/wiki/File:Gali_Cnaani._Notebooks_01.jpg,,CC BY 4.0,Shugiugi,,2026-10-04,,,,1503e5c10449c89d85de67656eac14084a8df84cc233a8bdcf19977b828e679f,rejected,"final contact-sheet QA: artwork print, not waste"
,,trash,,https://commons.wikimedia.org/wiki/File:Copenhagen_Recycling_Bin_6D2B7596.jpg,,CC BY-SA 3.0,Tony Webster,,2026-10-04,,,,c956902521389e92f23193025e3ff550295835a44786d0c9c78adb1200ae33ee,rejected,"final contact-sheet QA: empty street container, no waste material"
,,,,https://commons.wikimedia.org/wiki/File:Save_Waste_for_War_Weapons_Art.IWMPST14688.jpg,,Public domain,"Unknown (artist), J Weiner Ltd, 71/5 New Oxford Street, London WC1 (printer), Her Majesty's Stationery Office (publisher/sponsor)",,2026-10-04,,,,33994e1224553d61f73e8108bfa942cd3282bea0ed74b5d39389c9e344b2b988,rejected,not a waste image / wrong subject
,,trash,,https://commons.wikimedia.org/wiki/File:Dégagement_de_la_cathédrale_Saint-Étienne._-_FRAC31555_26Fi44.jpg,,Public domain,"BAUDILLON jeune - BAUDILLON, Georges, Guillaume dit (23/02/1881-1915). Auteur",,2026-10-04,,,,03566998eb1527467b76163ad5b63dee884721fe6e21d81bb3d2c3d8d93797f2,rejected,"manual review: vintage street photo, not waste"
,,paper,,https://commons.wikimedia.org/wiki/File:Contenidor-paper-paiporta.jpg,,CC BY-SA 4.0,Josep Lluís,,2026-10-04,,,,76c7f5892dedc689e55ecd40a698fd917ea92a693fd273e2dfe42a5941c00aaa,rejected,"final contact-sheet QA: empty paper/cardboard container, no waste"
,,,,https://commons.wikimedia.org/wiki/File:Gali_Cnaani._Notebooks_02.jpg,,CC BY 4.0,Shugiugi,,2026-10-04,,,,dcbea67d1af28c019dab9ec0d7b21051ec3995f5d50c394d8c1772fa66fcba35,rejected,not a waste image / wrong subject
,,,,https://commons.wikimedia.org/wiki/File:European_recycling_companies.png,,CC BY-SA 4.0,Recycling-world22,,2026-10-04,,,,af854531997300f833d3893fc0d488db713db7ebf58e81078f16b7e079208c9e,rejected,not a waste image / wrong subject
,,trash,,https://commons.wikimedia.org/wiki/File:ご案内席_2009_(3419372958).jpg,,CC BY-SA 2.0,Luca Mascaro,,2026-10-04,,,,1ccad5c5caed5c859eb9698d7e2d8c4b96d4ae6a3a1911a0fa01f234b54a0018,rejected,"final contact-sheet QA: old machine/appliance indoors, not waste"
,,,,"https://commons.wikimedia.org/wiki/File:Fitzroy_Iron_Works_(Tilt_Hammer)_in_c.1868_(Illustrated_Sydney_News,_Thu_18_Feb_1869,_Page_5).jpg",,Public domain,"Unknown Artist, Engraving published in Illustrated Sydney News Thu 18 Feb 1869, Page 5.",,2026-10-04,,,,df149d68f234f736c9f3cedb8fb529acb139237f7ffeb43fe9cc9793ddab35b2,rejected,not a waste image / wrong subject
,,trash,,https://commons.wikimedia.org/wiki/File:Contentor_Braga.jpg,,CC BY-SA 4.0,Joseolgon,,2026-10-04,,,,d572b75f3bc710ad2820fa779ffe2b0b4bd515367053d5bd93ec91210a50e325,rejected,"manual review: empty waste container, not waste material"
,,paper,,"https://commons.wikimedia.org/wiki/File:""Don't_Burn_Waste_Paper""_-_NARA_-_514136.jpg",,Public domain,Unknown author Unknown author or not provided,,2026-10-04,,,,5072cd51ba5fae740b6e75416f7685bbc6a069b5e499be36380ae720034b9ac3,rejected,"illustrated propaganda poster, not a photograph"
,,paper,,https://commons.wikimedia.org/wiki/File:2008-07-15_Recycling_paper_in_Chapel_Hill.jpg,,CC BY-SA 4.0,Ildar Sagdejev ( Specious ),,2026-10-04,,,,8049f3d3451a767b6d585985c1e5ccb322a23c14c0bf07a56e17ed9f161fa164,rejected,"manual review: recycling containers scene, no waste material"
,,paper,,https://commons.wikimedia.org/wiki/File:A-lot-of-smoke-emerged-from-the-fire-in-newspaper-bundles-142450989182.jpg,,Public domain,Unknown photographer,,2026-10-04,,,,32382d973a73c4c5978345b5307886f6fc5dbcc38be66bf976b8ab89281c52a2,rejected,manual review: multiple firefighter faces visible in archival fire scene
,,paper,,https://commons.wikimedia.org/wiki/File:Boys_of_the_Newtown_Scout_troop_collecting_waste_paper_(1479909).jpg,,CC BY-SA 4.0,Geoff Charles,,2026-10-04,,,,56e00d4f609d306f817e832c2f00a1ca0fd02e3c764e11215f68a5a88c809b51,rejected,clearly recognizable boys' faces
,,paper,,"https://commons.wikimedia.org/wiki/File:Meerum_Terwogtlaan_paper_recycling_containers,_Terbregge,_Rotterdam_(2022)_01.jpg",,CC BY-SA 4.0,Donald Trung Quoc Don (Chữ Hán: 徵國單) - Wikimedia Commons - © CC BY-SA 4.0 International . ( Want to use this image? ) Original publication 📤: -- Donald Trung 『徵國單』 ( No Fake News 💬 ) ( WikiProject Num,,2026-10-04,,,,41e9c44f85d181d5596afbdd22ee19123deaa0ad23c299277967b7bc246f3140,rejected,"manual review: empty paper container, not waste; duplicate angle of paper_042"
,,paper,,"https://commons.wikimedia.org/wiki/File:Meerum_Terwogtlaan_paper_recycling_containers,_Terbregge,_Rotterdam_(2022)_02.jpg",,CC BY-SA 4.0,Donald Trung Quoc Don (Chữ Hán: 徵國單) - Wikimedia Commons - © CC BY-SA 4.0 International . ( Want to use this image? ) Original publication 📤: -- Donald Trung 『徵國單』 ( No Fake News 💬 ) ( WikiProject Num,,2026-10-04,,,,bd22a509b31c91af44a2393f30e1410c6cb4b9b2ee10a6051bb813725008dbab,rejected,"manual review: empty paper container, not waste; duplicate angle of paper_042"
,,trash,,"https://commons.wikimedia.org/wiki/File:FOAMY_WHITE_WASTE_MATERIAL_IN_MILL_CREEK._WASTE_FROM_THE_CALCASIEU_PAPER_MILL_IN_ELIZABETH,_LA.,_DRAINS_INTO_THE..._-_NARA_-_546119.jpg",,Public domain,Marc St. Gil,,2026-10-04,,,,1d145dece6215fd7809cf08b94440f24b677ead8c7978ed5ec75c68f52d357ca,rejected,"final contact-sheet QA: biological specimen photo, not waste"
,,paper,,"https://commons.wikimedia.org/wiki/File:Meerum_Terwogtlaan_paper_recycling_containers,_Terbregge,_Rotterdam_(2022)_03.jpg",,CC BY-SA 4.0,Donald Trung Quoc Don (Chữ Hán: 徵國單) - Wikimedia Commons - © CC BY-SA 4.0 International . ( Want to use this image? ) Original publication 📤: -- Donald Trung 『徵國單』 ( No Fake News 💬 ) ( WikiProject Num,,2026-10-04,,,,a44373d4666f87e4633c8c78c0693d43fe116ed13a25ba8960e8d94e6f74fbe9,rejected,"final contact-sheet QA: empty paper container, no waste"
,,,,https://commons.wikimedia.org/wiki/File:LiveScribe_Dot_Paper_-_Mar_2013_01.jpg,,CC BY-SA 3.0,WestportWiki,,2026-10-04,,,,53d00ec76b5d2cdb0b18d1f2cf78e9641912205805017a9e35452dbc8c28a1a8,rejected,not a waste image / wrong subject
,,paper,,"https://commons.wikimedia.org/wiki/File:Diephuisstraat_paper_container,_Schiebroek,_Rotterdam_(2020)_02.jpg",,CC BY-SA 4.0,Donald Trung Quoc Don (Chữ Hán: 徵國單) - Wikimedia Commons - © CC BY-SA 4.0 International . ( Want to use this image? ) Original publication 📤: -- Donald Trung 『徵國單』 ( No Fake News 💬 ) ( WikiProject Num,,2026-10-04,,,,be854c78c4d3af76e1da3a2a08f0499f322b2abe09ac378e237d325a07282a6e,rejected,"final contact-sheet QA: empty paper container, no waste"
,,paper,,https://commons.wikimedia.org/wiki/File:India_-_Varanasi_paper_bag_maker_-_0078.jpg,,CC BY-SA 3.0,Jorge Royan,,2026-10-04,,,,e62ed278bdc020435eecb74bd0b2e14c19ab44b3eb2761497eac7c1f3b673232,rejected,clearly recognizable man's face
,,paper,,https://commons.wikimedia.org/wiki/File:Waste-paper_collected_by_Llanidloes_Scouts_(1472409).jpg,,CC BY-SA 4.0,Geoff Charles,,2026-10-04,,,,d7e8afbf83bbd9945d185305ba75b211f8484579ebeb2ba8febae10d3d78f3df,rejected,many clearly recognizable faces
,,paper,,https://commons.wikimedia.org/wiki/File:Paper_and_Plastic_Recycling_Containers.jpg,,CC BY-SA 4.0,Daniel Capilla,,2026-10-04,,,,db2079937f50d7d0d0f59df9c3f7efed1c3b633fed3487be3e38f8d355d55d1b,rejected,"final contact-sheet QA: empty paper containers, no waste"
,,,,https://commons.wikimedia.org/wiki/File:LiveScribe_Dot_Paper_-_Mar_2013_03.jpg,,CC BY-SA 3.0,WestportWiki,,2026-10-04,,,,d7e8fa7dc1e7485b836481baed1989d290161ea4bd5ca20cd119c6c1a230c3af,rejected,not a waste image / wrong subject
,,paper,,https://commons.wikimedia.org/wiki/File:Dornbirn-Plastic_waste_paper_container-01ASD.jpg,,CC BY-SA 4.0,Asurnipal,,2026-10-04,,,,85911e42466eb670a86d77bb68a02b13ce9adecec9099c2533d87a345fe6f6d1,rejected,"final contact-sheet QA: empty waste bins, no waste material"
,,paper,,https://commons.wikimedia.org/wiki/File:Waste-paper_collected_by_Llanidloes_Scouts_(1472410).jpg,,CC BY-SA 4.0,Geoff Charles,,2026-10-04,,,,9488a8f701a545bc7c2d603d41612cbfa758ec54ed68067f2917911d8e3d8b58,rejected,clearly recognizable faces; same scout scene as paper_058.jpg
,,paper,,"https://commons.wikimedia.org/wiki/File:Military_Administration_-_Supply_Service_-_BALES_OF_WASTE_PAPER_AND_worn_out_clothing_ready_for_shipment_from_Camp_MacArthur,_Waco,_Texas_-_NARA_-_45501376.jpg",,Public domain,Unknown author Unknown author or not provided,,2026-10-04,,,,bcda81d2a3f1a5181c7e8840e24caa6841af274f0649ac3cf9f1ddd026f61004,rejected,"final contact-sheet QA: framed archival print, not waste"
,,paper,,https://commons.wikimedia.org/wiki/File:Pekelder_paper_recycling_container.jpg,,CC BY-SA 4.0,Donald Trung,,2026-10-04,,,,bda31dd5ff48854c0d826b47e679d388749c19237de0f145e0b70573083e0b5f,rejected,"final contact-sheet QA: empty paper bins, no waste"
,,paper,,https://commons.wikimedia.org/wiki/File:Waste-paper_collected_by_Llanidloes_Scouts_(1472411).jpg,,CC BY-SA 4.0,Geoff Charles,,2026-10-04,,,,21efd6102df1fa36be7cac19be1ef9a8c6b119e67ad622b2602418fcbd89d2b6,rejected,clearly recognizable scouts' faces
,,paper,,"https://commons.wikimedia.org/wiki/File:Military_Administration_-_Supply_Service_-_SAVING_THE_SCRAPS._Every_scrap_of_paper_at_Camp_MacArthur,_Waco,_Texas,_is_baled_and_sold_to_paper_mills_-_NARA_-_45501380.jpg",,Public domain,Unknown author Unknown author or not provided,,2026-10-04,,,,a0519571326cdeda9784e2df26a8c482b694bf5225aa7c8f06a459cdf6a1d553,rejected,"final contact-sheet QA: framed archival print, not waste"
,,paper,,https://commons.wikimedia.org/wiki/File:20080826_Waste_Paper.jpg,,CC BY-SA 3.0,Wutsje,,2026-10-04,,,,c7acd5b2a433d585d5c8d2f0a82367cada4d76f9d5aac64cef7f5d98eb842dbe,rejected,round-5 review: vehicle license plate visible on parked car
,,paper,,https://commons.wikimedia.org/wiki/File:2011_reading_newspaper_SaoPaulo_5810348692.jpg,,CC BY 2.0,"Igor Schutz from São Paulo, Brasil",,2026-10-04,,,,536ad654540f5ad0202603a5b0aba663ee7c32be0be8f2a0473375affe566fe9,rejected,"round-5 review: person reading newspaper, not waste"
,,paper,,https://commons.wikimedia.org/wiki/File:Paper_recycling_in_Switzerland.jpeg,,CC BY 4.0,Parpan05,,2026-10-04,,,,3e29f4eddea10e169c8f65544ad084faf55006b6bca94efb94e46daaebd9c973,rejected,round-5 review: children with recognizable faces at collection truck
,,paper,,https://commons.wikimedia.org/wiki/File:CO_Vienna_Magazine_The_Wasted_Issue_No._4.jpg,,CC BY-SA 4.0,Elisa Promitzer,,2026-10-04,,,,286d132cbd24b479d24a045bee6dac0e535971f5b552c36fe6549c9e505b18b5,rejected,"round-5 review: magazine cover with clear face, product photo"
,,paper,,https://commons.wikimedia.org/wiki/File:NewOne-Mixed_paper_offcuts_illustrating_material_entropy01.jpg,,CC BY-SA 4.0,Newone,,2026-10-04,,,,9bea85914be3ad40afbc1271cd6b12c72f3c1a4281606c4ba92d411740f491b0,rejected,round-5 review: camera watermark overlay on image
,,paper,,https://commons.wikimedia.org/wiki/File:Paper_Recycling_Container_in_Pintor_de_la_Fuente_Grima_Street.jpg,,CC BY-SA 4.0,Daniel Capilla,,2026-10-04,,,,6d3b2ac021745789acf76b9a9492ea6fc31278a7f243c901e4d8fd2d25936e5f,rejected,"round-5 review: empty paper container, no waste"
,,paper,,https://commons.wikimedia.org/wiki/File:Conservation_of_waste_paper_will_save_millions_annually_for_Uncle_Sam._-_NARA_-_196241.jpg,,Public domain,Ann Rosener,,2026-10-04,,,,e42eb5d152a0b5862ea8cd465ea6b172c78345ffd604178cd8f08d228486fe07,rejected,"round-5 review: woman and boy with clear faces, archival photo"
,,paper,,https://commons.wikimedia.org/wiki/File:Paper_recycling_car_in_Olomouc.jpg,,CC BY 2.5,Michal Maňas,,2026-10-04,,,,39ae89a9bb1cb949954b395cf80ab0a9f5437fcf0342392855748ff129903b75,rejected,"round-5 review: paper collection truck, no waste material"
,,paper,,https://commons.wikimedia.org/wiki/File:Dog_sleeping_on_newspaper_waste.jpg,,CC BY-SA 4.0,Jay.Jarosz,,2026-10-04,,,,9fa33d3f6f80bed0062a78fa9611ed5f56c907092f236040be4204c0f0ec4304,rejected,round-5 review: dog is the main subject
,,paper,,"https://commons.wikimedia.org/wiki/File:Dump_no_waste,_drains_to_bay_–_sign_over_curbside_storm_drain_next_to_newspaper_rack_at_1201_Dr_M.L._King_Jr._St._N,_St._Petersburg,_Florida,_US,_at_night_on_26_August_2022.jpg",,CC0,MatthewHoobin,,2026-10-04,,,,21c91641579ac9656671adede8ba3feb12ef4d691872f4fb8e5cfd40dde1d9a7,rejected,"round-5 review: newspaper dispenser box, no waste"
,,paper,,https://commons.wikimedia.org/wiki/File:Leicester_Magazine_Gateway_second_floor_September_2022.jpg,,CC BY 4.0,Pierre Marshall,,2026-10-04,,,,3676a2cb32e7396e450642b109377db4146712e3703eb27ec0f0b94abd16f7fb,rejected,"round-5 review: castle room interior, wrong subject"
,,paper,,https://commons.wikimedia.org/wiki/File:MAGAZINES_AND_NEWSPAPERS_LITTER_THE_INTERSECTION_OF_SIXTH_&_BROADWAY_AFTER_DEBRIS_WAS_SPILLED_FROM_A_PASSING_TRUCK_-_NARA_-_543886.jpg,,Public domain,Bill Strode,,2026-10-04,,,,dcdfa82176d60447e74b1906de3d92ecb50f93452a60ca98730a57115cfc35c5,rejected,round-5 review: sparse scattered papers with people in frame
,,paper,,https://commons.wikimedia.org/wiki/File:Recycle_Newspapers_(3565972838).jpg,,CC BY-SA 2.0,"Mack Male from Edmonton, AB, Canada",,2026-10-04,,,,c1fd79254e89397612ad7cd0257bc843764c3256013b868106a83258e1543503,rejected,"round-5 review: dark newspaper dispenser, no waste material"
,,paper,,"https://commons.wikimedia.org/wiki/File:Recycling_container_for_paper,_Zagreb.jpg",,CC BY-SA 4.0,Mnalis,,2026-10-04,,,,a98544239d7b67dc1f2960eaee6d0039b9c7dd199e07fca34243c7326bb00f1c,rejected,"round-5 review: empty paper container, no waste"
,,paper,,https://commons.wikimedia.org/wiki/File:Bell_telephone_magazine_(1922)_(14569555060).jpg,,Public domain,Internet Archive Book Images,,2026-10-04,,,,91b71a86ac78d8659e7f1b8c84a760a364546d185eae9eac13a2f7112746a072,rejected,"round-6 review: magazine page scan, not waste"
,,paper,,https://commons.wikimedia.org/wiki/File:Waste_Paper_and_Cardboard_Must_Not_Be_Destroyed_Thrown_Away_or_Mixed_With_Refuse_-_DPLA_-_65bf7ab2e15ad64ec8bfbcb3729e5021.jpg,,Public domain,Office for Emergency Management. Office of War Information. Domestic Operations Branch. Bureau of Special Services. 3/9/1943-9/15/1945,,2026-10-04,,,,2d277306ad5b2e9ba73b1e3492d337ccd99e41a18c87ed8b1b4ad0f56a30a8a4,rejected,"round-6 review: printed notice poster, not waste"
,,paper,,https://commons.wikimedia.org/wiki/File:Bell_telephone_magazine_(1922)_(14569605758).jpg,,Public domain,Internet Archive Book Images,,2026-10-04,,,,7bc9abb5198b45e2b97c1a86f2065e61f0434a0abfbb5838a91eb989359ee690,rejected,"round-6 review: magazine page scan, not waste"
,,paper,,"https://commons.wikimedia.org/wiki/File:Paper_mill_at_Goodwin's_Point,_by_Gates,_G._F._(George_F.).jpg",,Public domain,"Gates, G. F. (George F.) -- Photographer",,2026-10-04,,,,2f4b0dcfec2a64b7a949cce3f8af38ba91a46f96bec60d52379aebe9e21a8a20,rejected,"round-6 review: stereocard of a mill, not waste"
,,paper,,"https://commons.wikimedia.org/wiki/File:Military_Administration_-_Supply_Service_-_RECLAMATION_AT_CAMP_MACARTHUR,_WACO,_TEXAS._Bales_of_waste_paper_worn_out_clothing_ready_for_shipment_-_NARA_-_45501384.jpg",,Public domain,Unknown author Unknown author or not provided,,2026-10-04,,,,f25f4d072f3dcd9da439ade909cdb8edf214e2a6357e3094b18fc839a8c8fe27,rejected,round-6 review: archive catalog card with tiny inset photo
,,paper,,https://commons.wikimedia.org/wiki/File:Bell_telephone_magazine_(1922)_(14753802824).jpg,,Public domain,Internet Archive Book Images,,2026-10-04,,,,4bdb16025d95da12bfc0aae84177ad48d12278be03cc066e7d167876d35ef6c1,rejected,"round-6 review: magazine page scan, not waste"
,,paper,,https://commons.wikimedia.org/wiki/File:Bell_telephone_magazine_(1945)_(14569811840).jpg,,Public domain,Internet Archive Book Images,,2026-10-04,,,,216c8a450bff6e29eee114bafda017db7c005a50fffef7cf9cb1428a6c63be55,rejected,"round-6 review: magazine page scan, not waste"
,,paper,,https://commons.wikimedia.org/wiki/File:Delft_Koekamp_old_paper_collection.jpg,,CC BY-SA 4.0,Ymblanter,,2026-10-04,,,,5533e1d9cb462e10d36ec5c6fff6a1f8e78c1f850a5c26d56e7b98f85cd8d09e,rejected,"round-7 review: empty paper container, no waste"
,,paper,,https://commons.wikimedia.org/wiki/File:Dornbirn-Klaus_Thaler-collection_drink_paper_cartons-Tetra_Pack-02ASD.jpg,,CC BY-SA 4.0,Asurnipal,,2026-10-04,,,,87352deee18c228601d1de4ed7a02d90a9797ecf341ea4d48c09e5abbe37a0a0,rejected,round-7 review: duplicate angle of the accepted carton collection display
,,paper,,"https://commons.wikimedia.org/wiki/File:Southern_Paper_Mill,_Moss_Point,_MS.png",,Public domain,Credit: Courtesy of the Mississippi Department of Archives and History,,2026-10-04,,,,f32af63c5feaf95dbe1b4cc43ad806e01902a4f75b29250ba42af2639a03547e,rejected,"round-7 review: mill building, wrong subject"
,,paper,,https://commons.wikimedia.org/wiki/File:HK_MTR_Station_rubbish_bin_unclassified_waste_unless_newspaper_yellow_background_ads_message_August_2018_LGM_am730_free_news.jpg,,CC BY-SA 4.0,Blue moutain and Yellow foot,,2026-10-04,,,,9befe6061a6ed8cfc95cdc6940f5fa6d365db1b1ec1c2a1cf32752d51db3d0a2,rejected,round-7 review: bin closeup with minimal waste
,,paper,,https://commons.wikimedia.org/wiki/File:MAGAZINES_AND_NEWSPAPERS_LITTER_THE_INTERSECTION_OF_SIXTH_&_BROADWAY_AFTER_DEBRIS_WAS_SPILLED_FROM_A_PASSING_TRUCK_-_NARA_-_543890.jpg,,Public domain,Bill Strode,,2026-10-04,,,,89ba63bc1be322f6e5a60ab6d3565966cee95b340a3e3ccc6adac6857097c296,rejected,"round-7 review: men with recognizable faces, sparse papers"
,,paper,,"https://commons.wikimedia.org/wiki/File:Virol_paper_recycling_container,_Winschoten_(2019)_02.jpg",,CC BY-SA 4.0,Donald Trung Quoc Don (Chữ Hán: 徵國單) - Wikimedia Commons - © CC BY-SA 4.0 International . ( Want to use this image? ) Original publication 📤: -- Donald Trung 『徵國單』 ( No Fake News 💬 ) ( WikiProject Num,,2026-10-04,,,,5e9ad742e1a0a867420b74feca53382552614fd3f440924481f6b97a7839bba5,rejected,round-7 review: closed empty containers with printed phone number
,,paper,,https://commons.wikimedia.org/wiki/File:Paper_recycling_notice.jpg,,CC0,01x07x2022000,,2026-10-04,,,,be58b9ef682def57f64824803d4f194cce42c61b48b65b0985859414903f33b4,rejected,"round-7 review: printed recycling notice, not waste"
,,paper,,"https://commons.wikimedia.org/wiki/File:Magazine_Street,_12th_Ward_of_New_Orleans,_20_August_2025_-_78.jpg",,CC BY-SA 4.0,Infrogmation,,2026-10-04,,,,c24c130c04cc0d55a16d5aef1aa60d0ed5e69212c9642dfd20e3bc9e412ad492,rejected,"round-7 review: street scene (Magazine Street), wrong subject"
,,paper,,https://commons.wikimedia.org/wiki/File:Recycled_Paper_USB_Drives_Engraved_(3617123044).jpg,,CC BY 2.0,Custom USB,,2026-10-04,,,,d884e10e1bd33007d7dc79449051a03f9b05c05596dae061e7148370600fd06d,rejected,"round-7 review: recycled paper USB product photo, not waste"
,,paper,,"https://commons.wikimedia.org/wiki/File:Waste_paper_collection_box_in_Minsk,_Belarus.jpg",,CC BY-SA 3.0,Homoatrox,,2026-10-04,,,,2c6afd1bee60ef6bcc651f8f0c45a5b0d6f57eda0f041f20c105b4856a264dcc,rejected,"round-7 review: empty collection box, no waste"
,,paper,,https://commons.wikimedia.org/wiki/File:Recycling_newspapers_01.jpg,,CC BY-SA 4.0,Hasselc,,2026-10-04,,,,be295fb03ab7618331dbca68071cc25dcf90f9430faac4080d2b13b93b4b0b98,rejected,"round-7 review: craftsman with clear face at workbench, person is subject"
,,plastic,,https://commons.wikimedia.org/wiki/File:Plastic_Atlas-LIVING_FROM_JUNK_Distribution_occupations_the_informal_waste_sector_six_cities_Cluj_Romania_Pune_Cairo_India_Egypt_Quezon_City_L.png,,CC BY 4.0,Graphic: PLASTIC ATLAS | Appenzeller/Hecher/Sack,,2026-10-04,,,,7a471dcff374fddf556c6658cfe241c13ef9b0b5e2acdae6fee93ef49cea9262,rejected,"infographic with pie charts and map, not a photograph"
,,,,"https://commons.wikimedia.org/wiki/File:Waterbirds_in_an_Urban_Pond,_Alexandria,_Egypt.jpg",,CC BY-SA 4.0,شدا الفاضل احمد الحبو,,2026-10-04,,,,ae29e8cd5b76bd7d755744add925c259ddb21a79c220f2f4bc85d5c8c5e49281,rejected,not a waste image / wrong subject
,,,,"https://commons.wikimedia.org/wiki/File:Container,_water_(AM_2003.104.2-1).jpg",,CC BY 4.0,Royal Air Force,,2026-10-04,,,,a2a14a72d6a2eaf95f233079717c11ababb383b0190cbea35016b44f8ef677a3,rejected,not a waste image / wrong subject
,,,,"https://commons.wikimedia.org/wiki/File:Container,_water_(AM_2003.104.2-2).jpg",,CC BY 4.0,Royal Air Force,,2026-10-04,,,,3246991b55e69f7fac9e21dd3733e9420c8d319354913d75a36b0fc4e5788a00,rejected,not a waste image / wrong subject
,,,,"https://commons.wikimedia.org/wiki/File:Container,_water_(AM_2003.104.2-3).jpg",,CC BY 4.0,Royal Air Force,,2026-10-04,,,,9e5d0981dd72657d63b44bd76b2fb164f991943e68c57795ba4975f0e876b973,rejected,not a waste image / wrong subject
,,,,"https://commons.wikimedia.org/wiki/File:Container,_water_(AM_2003.104.2-4).jpg",,CC BY 4.0,Royal Air Force,,2026-10-04,,,,f3953749157e7fcc75cc14e2619f60a3eacf0293133cf6ee1c6c623fb64308d1,rejected,not a waste image / wrong subject
,,,,"https://commons.wikimedia.org/wiki/File:Container,_water_(AM_2003.104.2-5).jpg",,CC BY 4.0,Royal Air Force,,2026-10-04,,,,912f8370f511da1a6e589f7783bf1d2ecc402fd73c4d4272b3a7a5e617b445aa,rejected,not a waste image / wrong subject
,,,,"https://commons.wikimedia.org/wiki/File:Container,_water_(AM_2003.104.2-6).jpg",,CC BY 4.0,Royal Air Force,,2026-10-04,,,,e9a2d76bdedb9c37e78e2748821cdc428f23f3fc4191706f66b4ddf04ea94305,rejected,not a waste image / wrong subject
,,,,"https://commons.wikimedia.org/wiki/File:Container,_water_(AM_2003.104.3-1).jpg",,CC BY 4.0,Royal Air Force,,2026-10-04,,,,f5f7789bb2e899919cdb482212c85a4c7c0e2e45e9ba338396917804a88bfa01,rejected,not a waste image / wrong subject
,,,,"https://commons.wikimedia.org/wiki/File:Container,_water_(AM_2003.104.3-2).jpg",,CC BY 4.0,Royal Air Force,,2026-10-04,,,,e52f4410e568662dd9df22accdc32e0a97188d7c1cbadcd079330e00f93f0b13,rejected,not a waste image / wrong subject
,,,,"https://commons.wikimedia.org/wiki/File:Container,_water_(AM_2003.104.3-3).jpg",,CC BY 4.0,Royal Air Force,,2026-10-04,,,,5d16f7792c161ecab7c11a12c1e0009b0a66ec9b479b697bbb20ad900a03250c,rejected,not a waste image / wrong subject
,,,,"https://commons.wikimedia.org/wiki/File:Container,_water_(AM_2003.104.3-4).jpg",,CC BY 4.0,Royal Air Force,,2026-10-04,,,,8d113bb98ef3c7aca3e274672996dc0ae477874f274e49b0db9e154996130138,rejected,not a waste image / wrong subject
,,,,"https://commons.wikimedia.org/wiki/File:Container,_water_(AM_2003.104.3-5).jpg",,CC BY 4.0,Royal Air Force,,2026-10-04,,,,b608edc224a99d392c5c09ac661902642b73783c6bfade19c4772b4c26e262e1,rejected,not a waste image / wrong subject
,,,,"https://commons.wikimedia.org/wiki/File:Container,_water_(AM_2003.104.3-6).jpg",,CC BY 4.0,Royal Air Force,,2026-10-04,,,,7e6db65f0eae172992a674409f331cfec42c470af79b9c4b1fc6cfecef9bfc1f,rejected,not a waste image / wrong subject
,,,,https://commons.wikimedia.org/wiki/File:Identity_tags_(AM_2003.104.5-1).jpg,,CC BY 4.0,Royal New Zealand Air Force,,2026-10-04,,,,6047445d476edef3c23963e8457ef7fa7ef67ebbe9bceae110021abb29e3cee2,rejected,not a waste image / wrong subject
,,,,https://commons.wikimedia.org/wiki/File:Identity_tags_(AM_2003.104.5-2).jpg,,CC BY 4.0,Royal New Zealand Air Force,,2026-10-04,,,,147f1027501dc71b17d047d0f93b3620ddbc55327c04182e8bc5e0fdf52ab4b2,rejected,not a waste image / wrong subject
,,,,https://commons.wikimedia.org/wiki/File:Identity_tags_(AM_2003.104.5-3).jpg,,CC BY 4.0,Royal New Zealand Air Force,,2026-10-04,,,,f067bcc93363a2436b3c00659fce2d081e9efb20134e7b1e3c3c4e29c08910dc,rejected,not a waste image / wrong subject
,,,,https://commons.wikimedia.org/wiki/File:Identity_tags_(AM_2003.104.5-4).jpg,,CC BY 4.0,Royal New Zealand Air Force,,2026-10-04,,,,69b3ccf66974747c0487deece15cfe58f9ce55ccef1ad1d4063b97c4fb5d177b,rejected,not a waste image / wrong subject
,,,,"https://commons.wikimedia.org/wiki/File:Lieut_goverr_Gall-stone,_inspired_by_Alecto;_-or-_the_birth_of_Minerva_(BM_Y,5.25).jpg",,Public domain,Print made by: James Gillray Published by: Hannah Humphrey,,2026-10-04,,,,0435b62c3d734132fa57347aefe87ddedaff9d5e23e3df59b0604ca6359db5e0,rejected,not a waste image / wrong subject
,,plastic,,https://commons.wikimedia.org/wiki/File:Corvus_corone_litter_bag_Tuileries_20180106_t134912.jpg,,CC BY 4.0,Marie-Lan Taÿ Pamart,,2026-10-04,,,,7184c050ca11585cf9534688a5f08b5a0b11b7398dc24ce2b43b25ec85479cd2,rejected,"final contact-sheet QA: crow is the main subject, not waste"
,,plastic,,https://commons.wikimedia.org/wiki/File:Bottle_collection_container_in_Haifa_(Israel).jpg,,CC0,Nella.hohlova,,2026-10-04,,,,573076ad2d8217d02a4aface745b3240d0606df400a8f9d0e7f31ddab93d1ef6,rejected,legible phone number on bin sign
,,,,"https://commons.wikimedia.org/wiki/File:Lieut_goverr_Gall-stone,_inspired_by_Alecto;_-or-_the_birth_of_Minerva_(BM_Y,5.25_1).jpg",,Public domain,Print made by: James Gillray Published by: Hannah Humphrey,,2026-10-04,,,,650f7ae56f8dfd955fafe65348202298d3163eeb3e8bdd247ad0c22f252b0f61,rejected,not a waste image / wrong subject
,,plastic,,https://commons.wikimedia.org/wiki/File:Bottles_for_Change.png,,CC BY-SA 4.0,Swap2209,,2026-10-04,,,,084fcd39211d3282d78c0054ef75c1a63e209a65964765a6498b2915ff2ef924,rejected,"recognizable faces, legible phone numbers on banners, Shot on OnePlus watermark"
,,,,"https://commons.wikimedia.org/wiki/File:Lieut_goverr_Gall-stone,_inspired_by_Alecto;_-or-_the_birth_of_Minerva_(BM_Y,5.25_2).jpg",,Public domain,Print made by: James Gillray Published by: Hannah Humphrey,,2026-10-04,,,,c81f073287364dffd699c8ae28daf70540fa7eda43b092c32c69a5f582046803,rejected,not a waste image / wrong subject
,,plastic,,"https://commons.wikimedia.org/wiki/File:Biffa_plastic_bottle_recycling_dumpster_bins,_Cinderford,_Gloustershire,_March_1st_2015.jpg",,CC BY-SA 2.0,Jaggery,,2026-10-04,,,,0d73d352e58c3b56623b36a7f21620fd3b560a08037f9a4c868337336d6382d5,rejected,"manual review: empty recycling containers, not waste material"
,,,,https://commons.wikimedia.org/wiki/File:Bottles_recycling_bin.JPG,,CC BY-SA 3.0,דוד שי,,2026-10-04,,,,ce0a772eceb3bbd3c6802ec377681fea4d12924d079e48ad75b300c735ec2c48,rejected,not a waste image / wrong subject
,,plastic,,"https://commons.wikimedia.org/wiki/File:Dead_plant_grown_in_plastic_bottle,_April_2013.jpg",,CC BY-SA 4.0,Luís Filipe Figueiredo Alves Gaspar,,2026-10-04,,,,ff37c9919022d4390916106010a6162e5f0c3f65db9c7d72befb356978ff0ba6,rejected,"final contact-sheet QA: decorative bottle planter craft, not waste"
,,plastic,,"https://commons.wikimedia.org/wiki/File:Bottle_Top_Recycling_Collection_Point_-_Moskovská,_Košice,_SK.jpg",,CC0,Wkmdjay,,2026-10-04,,,,654fbdf3da1026ce4db463868c03c6035966b2a3bb6dc9e19ac2626cdf75e4af,rejected,"manual review: street installation, not waste"
,,plastic,,https://commons.wikimedia.org/wiki/File:Bottles_for_Change_(no_watermark).png,,CC BY-SA 4.0,Swap2209,,2026-10-04,,,,935b88c584637636d54e9231e9771ff41a75411d9b60536cb04e5413b8b1b950,rejected,recognizable faces and legible business phone numbers on banners
,,plastic,,https://commons.wikimedia.org/wiki/File:Operating_a_machine_by_International_Baler_Corp._to_compact_the_disused_plastic_bottles_in_Taiwan.jpg,,CC BY 2.0,Larry Koester,,2026-10-04,,,,cf75371e4cf535a3fabbb724f6902b9eb679bd33796bc2d930604e2292f7ab4a,rejected,"manual review: worker semi-recognizable in profile; subject is baler machinery, not waste"
,,,,https://commons.wikimedia.org/wiki/File:Family_Enjoying_Lake_Tahoe_State_Park._Mother_Is_Carrying_Plastic_Bag_To_Hold_Litter_-_NARA_-_543515.jpg,,Public domain,Belinda Rain,,2026-10-04,,,,6423673d85a2a69e2427d7ff62ac7b1063168947f3e74f258a78ce0580b5c4ee,rejected,not a waste image / wrong subject
,,,,https://commons.wikimedia.org/wiki/File:Girl_patient_at_Gobowen_Orthopaedic_Hospital_with_pet_lamb_(12744231174).jpg,,CC0,Geoff Charles,,2026-10-04,,,,bac94c00c353c618deae994d7e9db318a70f08147d12eb84bf6fd5a69fb68948,rejected,not a waste image / wrong subject
,,,,"https://commons.wikimedia.org/wiki/File:Extruder_for_producing_plastic_bottles,_photo_1.JPG",,CC0,Alf van Beem,,2026-10-04,,,,f2efc88d24f626810ef36a934ca4e77a9ebcadd20a0ef97838aaba3e0daf2447,rejected,not a waste image / wrong subject
,,,,https://commons.wikimedia.org/wiki/File:EFTA00002390_-_Shipping_container_holds_stacked_wooden_pallets_black_plastic_bins_and_several_large_dark_bottles_on_white_shelving.jpg,,Public domain,Federal Bureau of Investigation,,2026-10-04,,,,bf52d3ceb05874429a8954dfad2e464abef1e075014c50ffaa03a24e838daa96,rejected,not a waste image / wrong subject
,,,,"https://commons.wikimedia.org/wiki/File:Extruder_for_producing_plastic_bottles,_photo_2.JPG",,CC0,Alf van Beem,,2026-10-04,,,,16d19f00638dcadc8c9cd6cd5ac6ce3769becf688faba8fb0787b2a152f41a22,rejected,not a waste image / wrong subject
,,plastic,,https://commons.wikimedia.org/wiki/File:Divided_plastic_waste_container.jpg,,CC0,Visviva,,2026-10-04,,,,9e30afdf524ec34e772e057ea3e17a2740a6f234023883be4ed64401bb1ffb36,rejected,"final contact-sheet QA: empty public bins, no waste material"
,,plastic,,"https://commons.wikimedia.org/wiki/File:Müllsammelstelle_Sechshauser_Straße,_Vienna_-_container_for_plastic_bottles.jpg",,CC BY-SA 4.0,Herzi Pinki,,2026-10-04,,,,cb4acc4011c704236a2faa63d5fbff63cb055241e9e5675e43e4e741bb203adc,rejected,manual review: empty container; vehicle plate visible on parked car
,,plastic,,https://commons.wikimedia.org/wiki/File:Plastic_and_metals_waste_container_-_via_dell'Idroscalo.jpg,,CC BY-SA 4.0,Kaga tau,,2026-10-04,,,,20f817f441e44e286b6c21afc0bb74e1356dcbdc2900fe3e090b59f7650bc30e,rejected,manual review: empty container with sticker possibly showing contact number; not waste material
,,plastic,,https://commons.wikimedia.org/wiki/File:Plastic_cap_collection_container_-_Los_Cancajos.jpg,,CC BY-SA 3.0,H. Zell,,2026-10-04,,,,bed60b2ab1100c7a9999b229c2b4b50a6037a9a3dcc5c243679aae4bea1e46f6,rejected,"final contact-sheet QA: street cap-frame installation, not waste"
,,,,https://commons.wikimedia.org/wiki/File:PlasticBagBill-17_(52694842179).jpg,,Public domain,Baltimore County Government,,2026-10-04,,,,dfd79c9fd62310df7d1cc0fdbb31b584ab0432c3b63573550d1eccc2531ba260,rejected,not a waste image / wrong subject
,,plastic,,https://commons.wikimedia.org/wiki/File:Plastic_bags_recycling_bins_in_a_Sainsbury's.jpg,,CC0,Andy Li,,2026-10-04,,,,ded7db6e94aa182d956fe08f44e6e19d57b3c25435c35fae5d15264d633725c9,rejected,"final contact-sheet QA: empty public bins, no waste material"
,,,,https://commons.wikimedia.org/wiki/File:Former_Chinese-owned_plastic_recycling_plant_FeitianSuye_in_the_village_of_Perlez.jpg,,CC BY-SA 4.0,Андрей Романенко,,2026-10-04,,,,816cbe21a2fc0e66ffc32c7c3f616a96e83cb9c192850b3584743ba892608c9b,rejected,not a waste image / wrong subject
,,plastic,,https://commons.wikimedia.org/wiki/File:Plastic_Bottle_Recycling_Bin.jpg,,CC BY-SA 4.0,Samgreet1,,2026-10-04,,,,ff0c77e81aa9c1a3c3b2de04f2df8b5456898ef593b94b7fc9eefc417b6fbfff,rejected,"final contact-sheet QA: bottle-built structure, not waste material"
,,plastic,,https://commons.wikimedia.org/wiki/File:Bales_of_PET_bottles.jpg,,CC BY 3.0,Michal Maňas,,2026-10-04,,,,623552021e9399b729afa01e113c332534bc2698cb45e11624e4e1ecc548ba13,rejected,round-5 review: another angle of the already-accepted PET bales series
,,plastic,,https://commons.wikimedia.org/wiki/File:Bales_of_PET_bottles_2.jpg,,CC BY 3.0,Michal Maňas,,2026-10-04,,,,4c1f1da8407e7f97ff099c5f43b316567f460b13c6a4fa9c868efbde40e4c51d,rejected,round-5 review: another angle of the already-accepted PET bales series
,,plastic,,"https://commons.wikimedia.org/wiki/File:Demonstrator_against_plastic_pollution,_Brussels,_27.01.2019_(cropped).jpg",,CC BY-SA 4.0,Bence Damokos,,2026-10-04,,,,30b588cbcdaddab28e556ff80d445ed5ffe63cb66ac208099c65b3dbcbdfed69,rejected,"round-5 review: demonstrator with clear face, person is subject"
,,plastic,,https://commons.wikimedia.org/wiki/File:Plastic_Bottle_Waste_(7992933485).jpg,,CC BY 2.0,"Tony Webster from Portland, Oregon, United States",,2026-10-04,,,,1fac4fc11e6e00bc88be4fd07d056a4265d8ffcd65a994353edde5b94eeccea8,rejected,"round-5 review: wall built of hung plastic bottles, not waste"
,,plastic,,https://commons.wikimedia.org/wiki/File:Bales_of_PET_bottles_4.png,,CC BY 3.0,Michal Maňas,,2026-10-04,,,,d7b9d1ef4f2991e69a863259cadcd0c40385121c34d6e84000d9d610465c6451,rejected,round-5 review: another angle of the already-accepted PET bales series
,,trash,,"https://commons.wikimedia.org/wiki/File:A_garbage_truck_in_Streets_of_Manshiyat_Nasser,_Mokattam,_Cairo.JPG",,CC BY-SA 3.0,Fabian Deter,,2026-10-04,,,,f15f24dc18167f6dc6a5ead417f32176cf0ee466d3b9f91aef497d3c21c25b49,rejected,manual review: vehicle license plates visible on trucks (unreadable but present)
,,,,https://commons.wikimedia.org/wiki/File:Cairo_Garbage_City.jpg,,CC BY-SA 3.0,Александр Лютенков (Original uploader was Salut at ru.wikipedia ),,2026-10-04,,,,9544076a13070214665b7c96a71e363125c72a8dc7ed5f852ee93a1e110e6573,rejected,not a waste image / wrong subject
,,,,https://commons.wikimedia.org/wiki/File:Cairo_Garbage_City_Altar.jpg,,CC BY-SA 3.0,Salut (Александр Лютенков),,2026-10-04,,,,1db7aceb2db28b418c167311178f6db81b95a86845ddec2949edb76f853408d4,rejected,not a waste image / wrong subject
,,trash,,https://commons.wikimedia.org/wiki/File:Cairo_Garbage_City_Street.jpg,,CC BY-SA 3.0,Александр Лютенков (Original uploader was Salut at ru.wikipedia ),,2026-10-04,,,,8fd0a0104ed5ef4672338692cd36ab48c9cdbb0ac398ecdfc85c4d368f9f200d,rejected,manual review: semi-visible boy face plus printed portrait posters with faces
,,,,https://commons.wikimedia.org/wiki/File:Cairo_Garbage_City_Virgin_Mary_and_St_Simon.jpg,,CC BY-SA 3.0,Salut (Александр Лютенков),,2026-10-04,,,,6b15210ad2d654719e81e06e7fd2bbf0cdffe15503c508fb5e538879eda30510,rejected,not a waste image / wrong subject
,,,,https://commons.wikimedia.org/wiki/File:Cairo_Garbage_City_up_point.jpg,,CC BY-SA 3.0,Александр Лютенков,,2026-10-04,,,,793dab1cb49bcc1b43c98c444f936220ce1942c18edc0feba14d75013ff7693e,rejected,not a waste image / wrong subject
,,,,"https://commons.wikimedia.org/wiki/File:Duweika_rockslide_aftermath,_Cairo,_Egypt.jpg",,Public domain,Egyptian Red Crescent Society,,2026-10-04,,,,9aff8079ab8bb5d7e9a639a94abbe317ce9574efa44a9cc4a11f871a80380cb3,rejected,not a waste image / wrong subject
,,trash,,https://commons.wikimedia.org/wiki/File:Garbage_Car-Sadat_City.jpg,,CC BY-SA 3.0,Faris El-Gwely,,2026-10-04,,,,79011beb571521a08bb861d1012e357f81ec7ea40224e4c38c8f2a25e2d18c56,rejected,"manual review: waste collection vehicle, no visible waste material"
,,trash,,https://commons.wikimedia.org/wiki/File:Garbage_City_work_at_night.jpg,,CC BY-SA 4.0,Corianneverweij,,2026-10-04,,,,385916f00aa782f3a9f6d3dfe2374eed90a91b58021473c3d48c4379b8e916b9,rejected,manual review: recognizable faces of three men in warehouse
,,,,https://commons.wikimedia.org/wiki/File:Zaraeeb.jpg,,CC BY-SA 4.0,Ouahidb,,2026-10-04,,,,1b3dca5e051a5d621998b6f61dfbeb9f9047e1a41bb692a984e6d4e71027cf70,rejected,not a waste image / wrong subject
,,,,https://commons.wikimedia.org/wiki/File:حمام_سباحة_الدويقة_محمد_شكري_الجرنوسي_15.jpg,,CC BY-SA 4.0,Mohamed shokry algarnosy,,2026-10-04,,,,f4652d4cf1c79f1882ce256d5cc830a5395db15cfa416d1f5e2b55329b43c182,rejected,not a waste image / wrong subject
,,,,https://commons.wikimedia.org/wiki/File:حمام_سباحة_الدويقة_٠٠_07.jpg,,CC BY-SA 4.0,Mohamed shokry algarnosy,,2026-10-04,,,,2d3a86da17192501db0d064d2cad746b0fdd77be8d1bfb2d3584075fd88d0f76,rejected,not a waste image / wrong subject
,,,,https://commons.wikimedia.org/wiki/File:حمام_سباحة_الدويقة_٠٠_12.jpg,,CC BY-SA 4.0,Mohamed shokry algarnosy,,2026-10-04,,,,90ae81f81e2d2fb76df838457cafc8060547f061f4233fe2bee20ef785d83c24,rejected,not a waste image / wrong subject
,,,,https://commons.wikimedia.org/wiki/File:حمام_سباحة_الدويقة_٠٠_17.jpg,,CC BY-SA 4.0,Mohamed shokry algarnosy,,2026-10-04,,,,381ec6c9144544b073039f12632894afd2155e83071795730af2b940c5daaa01,rejected,not a waste image / wrong subject
,,,,https://commons.wikimedia.org/wiki/File:حمام_سباحة_الدويقة_٠٠_18.jpg,,CC BY-SA 4.0,Mohamed shokry algarnosy,,2026-10-04,,,,df49c8260b6f8e4825774d7aa92b66d507a1e2799b79c55855832e5b97a4c060,rejected,not a waste image / wrong subject
,,trash,,"https://commons.wikimedia.org/wiki/File:2020-02-14_Ama_fec,_Müllauto_in_Kairo.JPG",,CC BY-SA 4.0,44penguins,,2026-10-04,,,,6405d5e263b189aab889095ef601f317ff8af2b5db7ae09aaeeff611c660da05,rejected,manual review: license plate visible on pickup cab
,,,,https://commons.wikimedia.org/wiki/File:Eliminating_Waste_in_Blasting_-_DPLA_-_d77bbb969d4722eefdd6bb62c74c8e6e_(page_10).jpg,,Public domain,"Greensfelder, N. S. (Nelson Sutro), 1891",,2026-10-04,,,,45e23b444481ca46d1c14b14ad29ba28da20736fc76e2ee188a03f119818023b,rejected,not a waste image / wrong subject
,,,,https://commons.wikimedia.org/wiki/File:Eliminating_Waste_in_Blasting_-_DPLA_-_d77bbb969d4722eefdd6bb62c74c8e6e_(page_15).jpg,,Public domain,"Greensfelder, N. S. (Nelson Sutro), 1891",,2026-10-04,,,,6fd791d33bcfd724b8d7d7407745dc763c00400b6b3a52c9f1b010f7df4fe92f,rejected,not a waste image / wrong subject
,,,,https://commons.wikimedia.org/wiki/File:Eliminating_Waste_in_Blasting_-_DPLA_-_d77bbb969d4722eefdd6bb62c74c8e6e_(page_17).jpg,,Public domain,"Greensfelder, N. S. (Nelson Sutro), 1891",,2026-10-04,,,,4a06336d0991fb1e6d9b5e0e81c552b5674baa545e1f516ce502aeaf045e4be6,rejected,not a waste image / wrong subject
,,,,https://commons.wikimedia.org/wiki/File:Eliminating_Waste_in_Blasting_-_DPLA_-_d77bbb969d4722eefdd6bb62c74c8e6e_(page_26).jpg,,Public domain,"Greensfelder, N. S. (Nelson Sutro), 1891",,2026-10-04,,,,7cae1282592a200bebc053bde8c5f64f2fbe6e8aa83b8504ed42d1847bdd90b1,rejected,not a waste image / wrong subject
,,,,https://commons.wikimedia.org/wiki/File:Eliminating_Waste_in_Blasting_-_DPLA_-_d77bbb969d4722eefdd6bb62c74c8e6e_(page_3).jpg,,Public domain,"Greensfelder, N. S. (Nelson Sutro), 1891",,2026-10-04,,,,7795d02a0b2a6985464d9d40d38fe9711c0c7b1cbfe66c99b4a79911f13c36af,rejected,not a waste image / wrong subject
,,,,https://commons.wikimedia.org/wiki/File:Eliminating_Waste_in_Blasting_-_DPLA_-_d77bbb969d4722eefdd6bb62c74c8e6e_(page_32).jpg,,Public domain,"Greensfelder, N. S. (Nelson Sutro), 1891",,2026-10-04,,,,ff48228172714689e8f23e4978e4d1d3c7b29bd56ff2c94d9c1e76f38a742142,rejected,not a waste image / wrong subject
,,,,https://commons.wikimedia.org/wiki/File:Eliminating_Waste_in_Blasting_-_DPLA_-_d77bbb969d4722eefdd6bb62c74c8e6e_(page_35).jpg,,Public domain,"Greensfelder, N. S. (Nelson Sutro), 1891",,2026-10-04,,,,1396ea0e43cfde0f7d71638d6b76cb387a74dbc2e71f2ed4e16b7c9ab8042256,rejected,not a waste image / wrong subject
,,,,https://commons.wikimedia.org/wiki/File:Eliminating_Waste_in_Blasting_-_DPLA_-_d77bbb969d4722eefdd6bb62c74c8e6e_(page_36).jpg,,Public domain,"Greensfelder, N. S. (Nelson Sutro), 1891",,2026-10-04,,,,fd01c940855e727de2f780f66101f7fa5f0efa041350823e7a9120e531ff0631,rejected,not a waste image / wrong subject
,,,,https://commons.wikimedia.org/wiki/File:Eliminating_Waste_in_Blasting_-_DPLA_-_d77bbb969d4722eefdd6bb62c74c8e6e_(page_38).jpg,,Public domain,"Greensfelder, N. S. (Nelson Sutro), 1891",,2026-10-04,,,,8c44056258bbd0eb311b9e477a3921a9e799ecf719271122042fb42ff394aa78,rejected,not a waste image / wrong subject
,,,,https://commons.wikimedia.org/wiki/File:Eliminating_Waste_in_Blasting_-_DPLA_-_d77bbb969d4722eefdd6bb62c74c8e6e_(page_39).jpg,,Public domain,"Greensfelder, N. S. (Nelson Sutro), 1891",,2026-10-04,,,,788efe17d500d242419b5d1e0a265e7c360e605521ab2ab6877080c16f984e1e,rejected,not a waste image / wrong subject
,,,,https://commons.wikimedia.org/wiki/File:Eliminating_Waste_in_Blasting_-_DPLA_-_d77bbb969d4722eefdd6bb62c74c8e6e_(page_43).jpg,,Public domain,"Greensfelder, N. S. (Nelson Sutro), 1891",,2026-10-04,,,,99cea0735fd53475c0d7e84dc7c177443cdd81bd3686443a85e752ad54e0e6bf,rejected,not a waste image / wrong subject
,,,,https://commons.wikimedia.org/wiki/File:Eliminating_Waste_in_Blasting_-_DPLA_-_d77bbb969d4722eefdd6bb62c74c8e6e_(page_45).jpg,,Public domain,"Greensfelder, N. S. (Nelson Sutro), 1891",,2026-10-04,,,,41cd412f06e8a886b7279c56b382e702e63ee390cd191ccb0687cd5e405a73d3,rejected,not a waste image / wrong subject
,,,,https://commons.wikimedia.org/wiki/File:Eliminating_Waste_in_Blasting_-_DPLA_-_d77bbb969d4722eefdd6bb62c74c8e6e_(page_5).jpg,,Public domain,"Greensfelder, N. S. (Nelson Sutro), 1891",,2026-10-04,,,,8762b6d477971deef98d9e9492eeb13b3ff10cf1ae3abeb77fdb2fce2d150f3f,rejected,not a waste image / wrong subject
,,,,https://commons.wikimedia.org/wiki/File:Eliminating_Waste_in_Blasting_-_DPLA_-_d77bbb969d4722eefdd6bb62c74c8e6e_(page_56).jpg,,Public domain,"Greensfelder, N. S. (Nelson Sutro), 1891",,2026-10-04,,,,aceb1bf36173abeb67ae7cf839be7b14f6fbb4d000dc9b6e3650bd089b7e082d,rejected,not a waste image / wrong subject
,,trash,,https://commons.wikimedia.org/wiki/File:Rubbish_collection_in_Tahrir.jpg,,CC BY-SA 3.0,Sherif9282,,2026-10-04,,,,d3203046f6cf0fa973831bac664e3ba2149bb7bf050ef7da261cd22201fa48e9,rejected,Multiple recognizable faces visible
,,trash,,https://commons.wikimedia.org/wiki/File:Tahrir_garbage_removal.jpg,,CC BY-SA 3.0,Sherif9282,,2026-10-04,,,,a229f190957c063dddb56be356d72c3beea7c610785a24f59f2a111ce21aa4b1,rejected,Multiple recognizable faces visible
,,trash,,https://commons.wikimedia.org/wiki/File:Car_and_garbage_at_dust_storm.jpg,,CC BY-SA 4.0,Alexander Roumega,,2026-10-04,,,,52f91fff2848b0dafd17c60d8419efb01b780f2c31227be3daf2c42c7f71a35d,rejected,Readable license plate on dusty car
,,trash,,https://commons.wikimedia.org/wiki/File:7_White_Hart_Lane._Yet_more_piled-up_rubbish.jpg,,CC BY-SA 2.0,Alan Stanton,,2026-10-04,,,,1d4e1bb7fc0779001f55fb96d283b2f97a7606deb2337a9e59677f42f8b770d1,rejected,Collage with readable plate and overlaid caption
,,trash,,https://commons.wikimedia.org/wiki/File:Cinnamon_Bear_Cub_Garbage_22.jpg,,CC BY-SA 4.0,Gillfoto,,2026-10-04,,,,7fabbd11e8b59ffbd2269a99d11e0ac53436caad9b6050f0ccb35d43b460b8f6,rejected,"final contact-sheet QA: bear is the main subject, not waste"
,,trash,,https://commons.wikimedia.org/wiki/File:A_Second_Pile_of_Dumping.jpg,,CC BY-SA 2.0,Alan Stanton,,2026-10-04,,,,24138b8109ec73fb2f916cd1d5ded01875591f145e331adbeb1130a70c48ead6,rejected,manual review: license plates visible on parked cars
,,trash,,https://commons.wikimedia.org/wiki/File:Black-crowned_night_heron_on_garbage_bag.jpg,,CC0,Douglas W. Jones,,2026-10-04,,,,25598c7302ce9dd1dbbe1ce8b29ccbc0e5c9f72b38730f922ed25d640ee81b7e,rejected,"final contact-sheet QA: heron is the main subject, not waste"
,,trash,,"https://commons.wikimedia.org/wiki/File:Litter_bin_in_Piccadilly,_Manchester_allowing_people_to_vote_with_their_litter_01.jpg",,CC0,Ridiculopathy,,2026-10-04,,,,8b19fbbe90ca2456ca93b6aaef81bd280c6b19195f255b0efccbc72e68e08260,rejected,"round-5 review: empty novelty voting bin, no waste"
,,trash,,https://commons.wikimedia.org/wiki/File:Containers_for_municipal_solid_waste_and_organic_recycling_in_Málaga.jpg,,CC BY-SA 4.0,Daniel Capilla,,2026-10-04,,,,4ce304df951c939ab94df73ec5deafcc8c3511cd9454498db02779c0b4192e82,rejected,"round-5 review: empty container row, no waste"
,,trash,,https://commons.wikimedia.org/wiki/File:Carbuncle_Rubbish_near_pollarded_(pruned)_tree.jpg,,CC BY-SA 2.0,Alan Stanton,,2026-10-04,,,,9b8e7d52b088b39c71bd3a5c81628dd247a0ba8c8ec480c1c84b735a983276ef,rejected,"round-5 review: sparse alley with minor items, waste not dominant"
